Workbook

Sheet Sheet1
B1: feature_0001 | C1: feature_0002 | D1: feature_0003 | E1: feature_0004 | F1: feature_0005 | G1: feature_0006 | H1: feature_0007 | I1: feature_0008 | J1: feature_0009 | K1: feature_0010 | L1: feature_0011 | M1: feature_0012 | N1: feature_0013 | O1: feature_0014 | P1: feature_0015 | Q1: feature_0016 | R1: feature_0017 | S1: feature_0018 | T1: feature_0019 | U1: feature_0020 | V1: feature_0021 | W1: feature_0022 | X1: feature_0023 | Y1: feature_0024 | Z1: feature_0025 | AA1: feature_0026 | AB1: feature_0027 | AC1: feature_0028 | AD1: feature_0029 | AE1: feature_0030 | AF1: feature_0031 | AG1: feature_0032 | AH1: feature_0033 | AI1: feature_0034 | AJ1: feature_0035 | AK1: feature_0036 | AL1: feature_0037 | AM1: feature_0038 | AN1: feature_0039 | AO1: feature_0040 | AP1: feature_0041 | AQ1: feature_0042 | AR1: feature_0043 | AS1: feature_0044 | AT1: feature_0045 | AU1: feature_0046 | AV1: feature_0047 | AW1: feature_0048 | AX1: feature_0049 | AY1: feature_0050 | AZ1: feature_0051 | BA1: feature_0052 | BB1: feature_0053 | BC1: feature_0054 | BD1: feature_0055 | BE1: feature_0056 | BF1: feature_0057 | BG1: feature_0058 | BH1: feature_0059 | BI1: feature_0060 | BJ1: feature_0061 | BK1: feature_0062 | BL1: feature_0063 | BM1: feature_0064 | BN1: feature_0065 | BO1: feature_0066 | BP1: feature_0067 | BQ1: feature_0068 | BR1: feature_0069 | BS1: feature_0070 | BT1: feature_0071 | BU1: feature_0072 | BV1: feature_0073 | BW1: feature_0074 | BX1: feature_0075 | BY1: feature_0076 | BZ1: feature_0077 | CA1: feature_0078 | CB1: feature_0079 | CC1: feature_0080 | CD1: feature_0081 | CE1: feature_0082 | CF1: feature_0083 | CG1: feature_0084 | CH1: feature_0085 | CI1: feature_0086 | CJ1: feature_0087 | CK1: feature_0088 | CL1: feature_0089 | CM1: feature_0090 | CN1: feature_0091 | CO1: feature_0092 | CP1: feature_0093 | CQ1: feature_0094 | CR1: feature_0095 | CS1: feature_0096 | CT1: feature_0097 | CU1: feature_0098 | CV1: feature_0099 | CW1: feature_0100 | CX1: feature_0101 | CY1: feature_0102 | CZ1: feature_0103 | DA1: feature_0104 | DB1: feature_0105 | DC1: feature_0106 | DD1: feature_0107 | DE1: feature_0108 | DF1: feature_0109 | DG1: feature_0110 | DH1: feature_0111 | DI1: feature_0112 | DJ1: feature_0113 | DK1: feature_0114 | DL1: feature_0115 | DM1: feature_0116 | DN1: feature_0117 | DO1: feature_0118 | DP1: feature_0119 | DQ1: feature_0120 | DR1: feature_0121 | DS1: feature_0122 | DT1: feature_0123 | DU1: feature_0124 | DV1: feature_0125 | DW1: feature_0126 | DX1: feature_0127 | DY1: feature_0128 | DZ1: feature_0129 | EA1: feature_0130 | EB1: feature_0131 | EC1: feature_0132 | ED1: feature_0133 | EE1: feature_0134 | EF1: feature_0135 | EG1: feature_0136 | EH1: feature_0137 | EI1: feature_0138 | EJ1: feature_0139 | EK1: feature_0140 | EL1: feature_0141 | EM1: feature_0142 | EN1: feature_0143 | EO1: feature_0144 | EP1: feature_0145 | EQ1: feature_0146 | ER1: feature_0147 | ES1: feature_0148 | ET1: feature_0149 | EU1: feature_0150 | EV1: feature_0151 | EW1: feature_0152 | EX1: feature_0153 | EY1: feature_0154 | EZ1: feature_0155 | FA1: feature_0156 | FB1: feature_0157 | FC1: feature_0158 | FD1: feature_0159 | FE1: feature_0160 | FF1: feature_0161 | FG1: feature_0162 | FH1: feature_0163 | FI1: feature_0164 | FJ1: feature_0165 | FK1: feature_0166 | FL1: feature_0167 | FM1: feature_0168 | FN1: feature_0169 | FO1: feature_0170 | FP1: feature_0171 | FQ1: feature_0172 | FR1: feature_0173 | FS1: feature_0174 | FT1: feature_0175 | FU1: feature_0176 | FV1: feature_0177 | FW1: feature_0178 | FX1: feature_0179 | FY1: feature_0180 | FZ1: feature_0181 | GA1: feature_0182 | GB1: feature_0183 | GC1: feature_0184 | GD1: feature_0185 | GE1: feature_0186 | GF1: feature_0187 | GG1: feature_0188 | GH1: feature_0189 | GI1: feature_0190 | GJ1: feature_0191 | GK1: feature_0192 | GL1: feature_0193 | GM1: feature_0194 | GN1: feature_0195 | GO1: feature_0196 | GP1: feature_0197 | GQ1: feature_0198 | GR1: feature_0199 | GS1: feature_0200 | GT1: feature_0201 | GU1: feature_0202 | GV1: feature_0203 | GW1: feature_0204 | GX1: feature_0205 | GY1: feature_0206 | GZ1: feature_0207 | HA1: feature_0208 | HB1: feature_0209 | HC1: feature_0210 | HD1: feature_0211 | HE1: feature_0212 | HF1: feature_0213 | HG1: feature_0214 | HH1: feature_0215 | HI1: feature_0216 | HJ1: feature_0217 | HK1: feature_0218 | HL1: feature_0219 | HM1: feature_0220 | HN1: feature_0221 | HO1: feature_0222 | HP1: feature_0223 | HQ1: feature_0224 | HR1: feature_0225 | HS1: feature_0226 | HT1: feature_0227 | HU1: feature_0228 | HV1: feature_0229 | HW1: feature_0230 | HX1: feature_0231 | HY1: feature_0232 | HZ1: feature_0233 | IA1: feature_0234 | IB1: feature_0235 | IC1: feature_0236 | ID1: feature_0237 | IE1: feature_0238 | IF1: feature_0239 | IG1: feature_0240 | IH1: feature_0241 | II1: feature_0242 | IJ1: feature_0243 | IK1: feature_0244 | IL1: feature_0245 | IM1: feature_0246 | IN1: feature_0247 | IO1: feature_0248 | IP1: feature_0249 | IQ1: feature_0250 | IR1: feature_0251 | IS1: feature_0252 | IT1: feature_0253 | IU1: feature_0254 | IV1: feature_0255 | IW1: feature_0256 | IX1: feature_0257 | IY1: feature_0258 | IZ1: feature_0259 | JA1: feature_0260 | JB1: feature_0261 | JC1: feature_0262 | JD1: feature_0263 | JE1: feature_0264 | JF1: feature_0265 | JG1: feature_0266 | JH1: feature_0267 | JI1: feature_0268 | JJ1: feature_0269 | JK1: feature_0270 | JL1: feature_0271 | JM1: feature_0272 | JN1: feature_0273 | JO1: feature_0274 | JP1: feature_0275 | JQ1: feature_0276 | JR1: feature_0277 | JS1: feature_0278 | JT1: feature_0279 | JU1: feature_0280 | JV1: feature_0281 | JW1: feature_0282 | JX1: feature_0283 | JY1: feature_0284 | JZ1: feature_0285 | KA1: feature_0286 | KB1: feature_0287 | KC1: feature_0288 | KD1: feature_0289 | KE1: feature_0290 | KF1: feature_0291 | KG1: feature_0292 | KH1: feature_0293 | KI1: feature_0294 | KJ1: feature_0295 | KK1: feature_0296 | KL1: feature_0297 | KM1: feature_0298 | KN1: feature_0299 | KO1: feature_0300 | KP1: feature_0301 | KQ1: feature_0302 | KR1: feature_0303 | KS1: feature_0304 | KT1: feature_0305 | KU1: feature_0306 | KV1: feature_0307 | KW1: feature_0308 | KX1: feature_0309 | KY1: feature_0310 | KZ1: feature_0311 | LA1: feature_0312 | LB1: feature_0313 | LC1: feature_0314 | LD1: feature_0315 | LE1: feature_0316 | LF1: feature_0317 | LG1: feature_0318 | LH1: feature_0319 | LI1: feature_0320 | LJ1: feature_0321 | LK1: feature_0322 | LL1: feature_0323 | LM1: feature_0324 | LN1: feature_0325 | LO1: feature_0326 | LP1: feature_0327 | LQ1: feature_0328 | LR1: feature_0329 | LS1: feature_0330 | LT1: feature_0331 | LU1: feature_0332 | LV1: feature_0333 | LW1: feature_0334 | LX1: feature_0335 | LY1: feature_0336 | LZ1: feature_0337 | MA1: feature_0338 | MB1: feature_0339 | MC1: feature_0340 | MD1: feature_0341 | ME1: feature_0342 | MF1: feature_0343 | MG1: feature_0344 | MH1: feature_0345 | MI1: feature_0346 | MJ1: feature_0347 | MK1: feature_0348 | ML1: feature_0349 | MM1: feature_0350 | MN1: feature_0351 | MO1: feature_0352 | MP1: feature_0353 | MQ1: feature_0354 | MR1: feature_0355 | MS1: feature_0356 | MT1: feature_0357 | MU1: feature_0358 | MV1: feature_0359 | MW1: feature_0360 | MX1: feature_0361 | MY1: feature_0362 | MZ1: feature_0363 | NA1: feature_0364 | NB1: feature_0365 | NC1: feature_0366 | ND1: feature_0367 | NE1: feature_0368 | NF1: feature_0369 | NG1: feature_0370 | NH1: feature_0371 | NI1: feature_0372 | NJ1: feature_0373 | NK1: feature_0374 | NL1: feature_0375 | NM1: feature_0376 | NN1: feature_0377 | NO1: feature_0378 | NP1: feature_0379 | NQ1: feature_0380 | NR1: feature_0381 | NS1: feature_0382 | NT1: feature_0383 | NU1: feature_0384 | NV1: feature_0385 | NW1: feature_0386 | NX1: feature_0387 | NY1: feature_0388 | NZ1: feature_0389 | OA1: feature_0390 | OB1: feature_0391 | OC1: feature_0392 | OD1: feature_0393 | OE1: feature_0394 | OF1: feature_0395 | OG1: feature_0396 | OH1: feature_0397 | OI1: feature_0398 | OJ1: feature_0399 | OK1: feature_0400 | OL1: feature_0401 | OM1: feature_0402 | ON1: feature_0403 | OO1: feature_0404 | OP1: feature_0405 | OQ1: feature_0406 | OR1: feature_0407 | OS1: feature_0408 | OT1: feature_0409 | OU1: feature_0410 | OV1: feature_0411 | OW1: feature_0412 | OX1: feature_0413 | OY1: feature_0414 | OZ1: feature_0415 | PA1: feature_0416 | PB1: feature_0417 | PC1: feature_0418 | PD1: feature_0419 | PE1: feature_0420 | PF1: feature_0421 | PG1: feature_0422 | PH1: feature_0423 | PI1: feature_0424 | PJ1: feature_0425 | PK1: feature_0426 | PL1: feature_0427 | PM1: feature_0428 | PN1: feature_0429 | PO1: feature_0430 | PP1: feature_0431 | PQ1: feature_0432 | PR1: feature_0433 | PS1: feature_0434 | PT1: feature_0435 | PU1: feature_0436 | PV1: feature_0437 | PW1: feature_0438 | PX1: feature_0439 | PY1: feature_0440 | PZ1: feature_0441 | QA1: feature_0442 | QB1: feature_0443 | QC1: feature_0444 | QD1: feature_0445 | QE1: feature_0446 | QF1: feature_0447 | QG1: feature_0448 | QH1: feature_0449 | QI1: feature_0450 | QJ1: feature_0451 | QK1: feature_0452 | QL1: feature_0453 | QM1: feature_0454 | QN1: feature_0455 | QO1: feature_0456 | QP1: feature_0457 | QQ1: feature_0458 | QR1: feature_0459 | QS1: feature_0460 | QT1: feature_0461 | QU1: feature_0462 | QV1: feature_0463 | QW1: feature_0464 | QX1: feature_0465 | QY1: feature_0466 | QZ1: feature_0467 | RA1: feature_0468 | RB1: feature_0469 | RC1: feature_0470 | RD1: feature_0471 | RE1: feature_0472 | RF1: feature_0473 | RG1: feature_0474 | RH1: feature_0475 | RI1: feature_0476 | RJ1: feature_0477 | RK1: feature_0478 | RL1: feature_0479 | RM1: feature_0480 | RN1: feature_0481 | RO1: feature_0482 | RP1: feature_0483 | RQ1: feature_0484 | RR1: feature_0485 | RS1: feature_0486 | RT1: feature_0487 | RU1: feature_0488 | RV1: feature_0489 | RW1: feature_0490 | RX1: feature_0491 | RY1: feature_0492 | RZ1: feature_0493 | SA1: feature_0494 | SB1: feature_0495 | SC1: feature_0496 | SD1: feature_0497 | SE1: feature_0498 | SF1: feature_0499 | SG1: feature_0500 | SH1: feature_0501 | SI1: feature_0502 | SJ1: feature_0503 | SK1: feature_0504 | SL1: feature_0505 | SM1: feature_0506 | SN1: feature_0507 | SO1: feature_0508 | SP1: feature_0509 | SQ1: feature_0510 | SR1: feature_0511 | SS1: feature_0512 | ST1: feature_0513 | SU1: feature_0514 | SV1: feature_0515 | SW1: feature_0516 | SX1: feature_0517 | SY1: feature_0518 | SZ1: feature_0519 | TA1: feature_0520 | TB1: feature_0521 | TC1: feature_0522 | TD1: feature_0523 | TE1: feature_0524 | TF1: feature_0525 | TG1: feature_0526 | TH1: feature_0527 | TI1: feature_0528 | TJ1: feature_0529 | TK1: feature_0530 | TL1: feature_0531 | TM1: feature_0532 | TN1: feature_0533 | TO1: feature_0534 | TP1: feature_0535 | TQ1: feature_0536 | TR1: feature_0537 | TS1: feature_0538 | TT1: feature_0539 | TU1: feature_0540 | TV1: feature_0541 | TW1: feature_0542 | TX1: feature_0543 | TY1: feature_0544 | TZ1: feature_0545 | UA1: feature_0546 | UB1: feature_0547 | UC1: feature_0548 | UD1: feature_0549 | UE1: feature_0550 | UF1: feature_0551 | UG1: feature_0552 | UH1: feature_0553 | UI1: feature_0554 | UJ1: feature_0555 | UK1: feature_0556 | UL1: feature_0557 | UM1: feature_0558 | UN1: feature_0559 | UO1: feature_0560 | UP1: feature_0561 | UQ1: feature_0562 | UR1: feature_0563 | US1: feature_0564 | UT1: feature_0565 | UU1: feature_0566 | UV1: feature_0567 | UW1: feature_0568 | UX1: feature_0569 | UY1: feature_0570 | UZ1: feature_0571 | VA1: feature_0572 | VB1: feature_0573 | VC1: feature_0574 | VD1: feature_0575 | VE1: feature_0576 | VF1: feature_0577 | VG1: feature_0578 | VH1: feature_0579 | VI1: feature_0580 | VJ1: feature_0581 | VK1: feature_0582 | VL1: feature_0583 | VM1: feature_0584 | VN1: feature_0585 | VO1: feature_0586 | VP1: feature_0587 | VQ1: feature_0588 | VR1: feature_0589 | VS1: feature_0590 | VT1: feature_0591 | VU1: feature_0592 | VV1: feature_0593 | VW1: feature_0594 | VX1: feature_0595 | VY1: feature_0596 | VZ1: feature_0597 | WA1: feature_0598 | WB1: feature_0599 | WC1: feature_0600 | WD1: feature_0601 | WE1: feature_0602 | WF1: feature_0603 | WG1: feature_0604 | WH1: feature_0605 | WI1: feature_0606 | WJ1: feature_0607 | WK1: feature_0608 | WL1: feature_0609 | WM1: feature_0610 | WN1: feature_0611 | WO1: feature_0612 | WP1: feature_0613 | WQ1: feature_0614 | WR1: feature_0615 | WS1: feature_0616 | WT1: feature_0617 | WU1: feature_0618 | WV1: feature_0619 | WW1: feature_0620 | WX1: feature_0621 | WY1: feature_0622 | WZ1: feature_0623 | XA1: feature_0624 | XB1: feature_0625 | XC1: feature_0626 | XD1: feature_0627 | XE1: feature_0628 | XF1: feature_0629 | XG1: feature_0630 | XH1: feature_0631 | XI1: feature_0632 | XJ1: feature_0633 | XK1: feature_0634 | XL1: feature_0635 | XM1: feature_0636 | XN1: feature_0637 | XO1: feature_0638 | XP1: feature_0639 | XQ1: feature_0640 | XR1: feature_0641 | XS1: feature_0642 | XT1: feature_0643 | XU1: feature_0644 | XV1: feature_0645 | XW1: feature_0646 | XX1: feature_0647 | XY1: feature_0648 | XZ1: feature_0649 | YA1: feature_0650 | YB1: feature_0651 | YC1: feature_0652 | YD1: feature_0653 | YE1: feature_0654 | YF1: feature_0655 | YG1: feature_0656 | YH1: feature_0657 | YI1: feature_0658 | YJ1: feature_0659 | YK1: feature_0660 | YL1: feature_0661 | YM1: feature_0662 | YN1: feature_0663 | YO1: feature_0664 | YP1: feature_0665 | YQ1: feature_0666 | YR1: feature_0667 | YS1: feature_0668 | YT1: feature_0669 | YU1: feature_0670 | YV1: feature_0671 | YW1: feature_0672 | YX1: feature_0673 | YY1: feature_0674 | YZ1: feature_0675 | ZA1: feature_0676 | ZB1: feature_0677 | ZC1: feature_0678 | ZD1: feature_0679 | ZE1: feature_0680 | ZF1: feature_0681 | ZG1: feature_0682 | ZH1: feature_0683 | ZI1: feature_0684 | ZJ1: feature_0685 | ZK1: feature_0686 | ZL1: feature_0687 | ZM1: feature_0688 | ZN1: feature_0689 | ZO1: feature_0690 | ZP1: feature_0691 | ZQ1: feature_0692 | ZR1: feature_0693 | ZS1: feature_0694 | ZT1: feature_0695 | ZU1: feature_0696 | ZV1: feature_0697 | ZW1: feature_0698 | ZX1: feature_0699 | ZY1: feature_0700 | ZZ1: feature_0701 | AAA1: feature_0702 | AAB1: feature_0703 | AAC1: feature_0704 | AAD1: feature_0705 | AAE1: feature_0706 | AAF1: feature_0707 | AAG1: feature_0708 | AAH1: feature_0709 | AAI1: feature_0710 | AAJ1: feature_0711 | AAK1: feature_0712 | AAL1: feature_0713 | AAM1: feature_0714 | AAN1: feature_0715 | AAO1: feature_0716 | AAP1: feature_0717 | AAQ1: feature_0718 | AAR1: feature_0719 | AAS1: feature_0720 | AAT1: feature_0721 | AAU1: feature_0722 | AAV1: feature_0723 | AAW1: feature_0724 | AAX1: feature_0725 | AAY1: feature_0726 | AAZ1: feature_0727 | ABA1: feature_0728 | ABB1: feature_0729 | ABC1: feature_0730 | ABD1: feature_0731 | ABE1: feature_0732 | ABF1: feature_0733 | ABG1: feature_0734 | ABH1: feature_0735 | ABI1: feature_0736 | ABJ1: feature_0737 | ABK1: feature_0738 | ABL1: feature_0739 | ABM1: feature_0740 | ABN1: feature_0741 | ABO1: feature_0742 | ABP1: feature_0743 | ABQ1: feature_0744 | ABR1: feature_0745 | ABS1: feature_0746 | ABT1: feature_0747 | ABU1: feature_0748 | ABV1: feature_0749 | ABW1: feature_0750 | ABX1: feature_0751 | ABY1: feature_0752 | ABZ1: feature_0753 | ACA1: feature_0754 | ACB1: feature_0755 | ACC1: feature_0756 | ACD1: feature_0757 | ACE1: feature_0758 | ACF1: feature_0759 | ACG1: feature_0760 | ACH1: feature_0761 | ACI1: feature_0762 | ACJ1: feature_0763 | ACK1: feature_0764 | ACL1: feature_0765 | ACM1: feature_0766 | ACN1: feature_0767 | ACO1: feature_0768 | ACP1: feature_0769 | ACQ1: feature_0770 | ACR1: feature_0771 | ACS1: feature_0772 | ACT1: feature_0773 | ACU1: feature_0774 | ACV1: feature_0775 | ACW1: feature_0776 | ACX1: feature_0777 | ACY1: feature_0778 | ACZ1: feature_0779 | ADA1: feature_0780 | ADB1: feature_0781 | ADC1: feature_0782 | ADD1: feature_0783 | ADE1: feature_0784 | ADF1: feature_0785 | ADG1: feature_0786 | ADH1: feature_0787 | ADI1: feature_0788 | ADJ1: feature_0789 | ADK1: feature_0790 | ADL1: feature_0791 | ADM1: feature_0792 | ADN1: feature_0793 | ADO1: feature_0794 | ADP1: feature_0795 | ADQ1: feature_0796 | ADR1: feature_0797 | ADS1: feature_0798 | ADT1: feature_0799 | ADU1: feature_0800 | ADV1: feature_0801 | ADW1: feature_0802 | ADX1: feature_0803 | ADY1: feature_0804 | ADZ1: feature_0805 | AEA1: feature_0806 | AEB1: feature_0807 | AEC1: feature_0808 | AED1: feature_0809 | AEE1: feature_0810 | AEF1: feature_0811 | AEG1: feature_0812 | AEH1: feature_0813 | AEI1: feature_0814 | AEJ1: feature_0815 | AEK1: feature_0816 | AEL1: feature_0817 | AEM1: feature_0818 | AEN1: feature_0819 | AEO1: feature_0820 | AEP1: feature_0821 | AEQ1: feature_0822 | AER1: feature_0823 | AES1: feature_0824 | AET1: feature_0825 | AEU1: feature_0826 | AEV1: feature_0827 | AEW1: feature_0828 | AEX1: feature_0829 | AEY1: feature_0830 | AEZ1: feature_0831 | AFA1: feature_0832 | AFB1: feature_0833 | AFC1: feature_0834 | AFD1: feature_0835 | AFE1: feature_0836 | AFF1: feature_0837 | AFG1: feature_0838 | AFH1: feature_0839 | AFI1: feature_0840 | AFJ1: feature_0841 | AFK1: feature_0842 | AFL1: feature_0843 | AFM1: feature_0844 | AFN1: feature_0845 | AFO1: feature_0846 | AFP1: feature_0847 | AFQ1: feature_0848 | AFR1: feature_0849 | AFS1: feature_0850 | AFT1: feature_0851 | AFU1: feature_0852 | AFV1: feature_0853 | AFW1: feature_0854 | AFX1: feature_0855 | AFY1: feature_0856 | AFZ1: feature_0857 | AGA1: feature_0858 | AGB1: feature_0859 | AGC1: feature_0860 | AGD1: feature_0861 | AGE1: feature_0862 | AGF1: feature_0863 | AGG1: feature_0864 | AGH1: feature_0865 | AGI1: feature_0866 | AGJ1: feature_0867 | AGK1: feature_0868 | AGL1: feature_0869 | AGM1: feature_0870 | AGN1: feature_0871 | AGO1: feature_0872 | AGP1: feature_0873 | AGQ1: feature_0874 | AGR1: feature_0875 | AGS1: feature_0876 | AGT1: feature_0877 | AGU1: feature_0878 | AGV1: feature_0879 | AGW1: feature_0880 | AGX1: feature_0881 | AGY1: feature_0882 | AGZ1: feature_0883 | AHA1: feature_0884 | AHB1: feature_0885 | AHC1: feature_0886 | AHD1: feature_0887 | AHE1: feature_0888 | AHF1: feature_0889 | AHG1: feature_0890 | AHH1: feature_0891 | AHI1: feature_0892 | AHJ1: feature_0893 | AHK1: feature_0894 | AHL1: feature_0895 | AHM1: feature_0896 | AHN1: feature_0897 | AHO1: feature_0898 | AHP1: feature_0899 | AHQ1: feature_0900 | AHR1: feature_0901 | AHS1: feature_0902 | AHT1: feature_0903 | AHU1: feature_0904 | AHV1: feature_0905 | AHW1: feature_0906 | AHX1: feature_0907 | AHY1: feature_0908 | AHZ1: feature_0909 | AIA1: feature_0910 | AIB1: feature_0911 | AIC1: feature_0912 | AID1: feature_0913 | AIE1: feature_0914 | AIF1: feature_0915 | AIG1: feature_0916 | AIH1: feature_0917 | AII1: feature_0918 | AIJ1: feature_0919 | AIK1: feature_0920 | AIL1: feature_0921 | AIM1: feature_0922 | AIN1: feature_0923 | AIO1: feature_0924 | AIP1: feature_0925 | AIQ1: feature_0926 | AIR1: feature_0927 | AIS1: feature_0928 | AIT1: feature_0929 | AIU1: feature_0930 | AIV1: feature_0931 | AIW1: feature_0932 | AIX1: feature_0933 | AIY1: feature_0934 | AIZ1: feature_0935 | AJA1: feature_0936 | AJB1: feature_0937 | AJC1: feature_0938 | AJD1: feature_0939 | AJE1: feature_0940 | AJF1: feature_0941 | AJG1: feature_0942 | AJH1: feature_0943 | AJI1: feature_0944 | AJJ1: feature_0945 | AJK1: feature_0946 | AJL1: feature_0947 | AJM1: feature_0948 | AJN1: feature_0949 | AJO1: feature_0950 | AJP1: feature_0951 | AJQ1: feature_0952 | AJR1: feature_0953 | AJS1: feature_0954 | AJT1: feature_0955 | AJU1: feature_0956 | AJV1: feature_0957 | AJW1: feature_0958 | AJX1: feature_0959 | AJY1: feature_0960 | AJZ1: feature_0961 | AKA1: feature_0962 | AKB1: feature_0963 | AKC1: feature_0964 | AKD1: feature_0965 | AKE1: feature_0966 | AKF1: feature_0967 | AKG1: feature_0968 | AKH1: feature_0969 | AKI1: feature_0970 | AKJ1: feature_0971 | AKK1: feature_0972 | AKL1: feature_0973 | AKM1: feature_0974 | AKN1: feature_0975 | AKO1: feature_0976 | AKP1: feature_0977 | AKQ1: feature_0978 | AKR1: feature_0979 | AKS1: feature_0980 | AKT1: feature_0981 | AKU1: feature_0982 | AKV1: feature_0983 | AKW1: feature_0984 | AKX1: feature_0985 | AKY1: feature_0986 | AKZ1: feature_0987 | ALA1: feature_0988 | ALB1: feature_0989 | ALC1: feature_0990 | ALD1: feature_0991 | ALE1: feature_0992 | ALF1: feature_0993 | ALG1: feature_0994 | ALH1: feature_0995 | ALI1: feature_0996 | ALJ1: feature_0997 | ALK1: feature_0998 | ALL1: feature_0999 | ALM1: feature_1000 | ALN1: feature_1001 | ALO1: feature_1002 | ALP1: feature_1003 | ALQ1: feature_1004 | ALR1: feature_1005 | ALS1: feature_1006 | ALT1: feature_1007 | ALU1: feature_1008 | ALV1: feature_1009 | ALW1: feature_1010 | ALX1: feature_1011 | ALY1: feature_1012 | ALZ1: feature_1013 | AMA1: feature_1014 | AMB1: feature_1015 | AMC1: feature_1016 | AMD1: feature_1017 | AME1: feature_1018 | AMF1: feature_1019 | AMG1: feature_1020 | AMH1: feature_1021 | AMI1: feature_1022 | AMJ1: feature_1023 | AMK1: feature_1024 | AML1: feature_1025 | AMM1: feature_1026 | AMN1: feature_1027 | AMO1: feature_1028 | AMP1: feature_1029 | AMQ1: feature_1030 | AMR1: feature_1031 | AMS1: feature_1032 | AMT1: feature_1033 | AMU1: feature_1034 | AMV1: feature_1035 | AMW1: feature_1036 | AMX1: feature_1037 | AMY1: feature_1038 | AMZ1: feature_1039 | ANA1: feature_1040 | ANB1: feature_1041 | ANC1: feature_1042 | AND1: feature_1043 | ANE1: feature_1044 | ANF1: feature_1045 | ANG1: feature_1046 | ANH1: feature_1047 | ANI1: feature_1048 | ANJ1: feature_1049 | ANK1: feature_1050 | ANL1: feature_1051 | ANM1: feature_1052 | ANN1: feature_1053 | ANO1: feature_1054 | ANP1: feature_1055 | ANQ1: feature_1056 | ANR1: feature_1057 | ANS1: feature_1058 | ANT1: feature_1059 | ANU1: feature_1060 | ANV1: feature_1061 | ANW1: feature_1062 | ANX1: feature_1063 | ANY1: feature_1064 | ANZ1: feature_1065 | AOA1: feature_1066 | AOB1: feature_1067 | AOC1: feature_1068 | AOD1: feature_1069 | AOE1: feature_1070 | AOF1: feature_1071 | AOG1: feature_1072 | AOH1: feature_1073 | AOI1: feature_1074 | AOJ1: feature_1075 | AOK1: feature_1076 | AOL1: feature_1077 | AOM1: feature_1078 | AON1: feature_1079 | AOO1: feature_1080 | AOP1: feature_1081 | AOQ1: feature_1082 | AOR1: feature_1083 | AOS1: feature_1084 | AOT1: feature_1085 | AOU1: feature_1086 | AOV1: feature_1087 | AOW1: feature_1088 | AOX1: feature_1089 | AOY1: feature_1090 | AOZ1: feature_1091 | APA1: feature_1092 | APB1: feature_1093 | APC1: feature_1094 | APD1: feature_1095 | APE1: feature_1096 | APF1: feature_1097 | APG1: feature_1098 | APH1: feature_1099 | API1: feature_1100 | APJ1: feature_1101 | APK1: feature_1102 | APL1: feature_1103 | APM1: feature_1104 | APN1: feature_1105 | APO1: feature_1106 | APP1: feature_1107 | APQ1: feature_1108 | APR1: feature_1109 | APS1: feature_1110 | APT1: feature_1111 | APU1: feature_1112 | APV1: feature_1113 | APW1: feature_1114 | APX1: feature_1115 | APY1: feature_1116 | APZ1: feature_1117 | AQA1: feature_1118 | AQB1: feature_1119 | AQC1: feature_1120 | AQD1: feature_1121 | AQE1: feature_1122 | AQF1: feature_1123 | AQG1: feature_1124 | AQH1: feature_1125 | AQI1: feature_1126 | AQJ1: feature_1127 | AQK1: feature_1128 | AQL1: feature_1129 | AQM1: feature_1130 | AQN1: feature_1131 | AQO1: feature_1132 | AQP1: feature_1133 | AQQ1: feature_1134 | AQR1: feature_1135 | AQS1: feature_1136 | AQT1: feature_1137 | AQU1: feature_1138 | AQV1: feature_1139 | AQW1: feature_1140 | AQX1: feature_1141 | AQY1: feature_1142 | AQZ1: feature_1143 | ARA1: feature_1144 | ARB1: feature_1145 | ARC1: feature_1146 | ARD1: feature_1147 | ARE1: feature_1148 | ARF1: feature_1149 | ARG1: feature_1150 | ARH1: feature_1151 | ARI1: feature_1152 | ARJ1: feature_1153 | ARK1: feature_1154 | ARL1: feature_1155 | ARM1: feature_1156 | ARN1: feature_1157 | ARO1: feature_1158 | ARP1: feature_1159 | ARQ1: feature_1160 | ARR1: feature_1161 | ARS1: feature_1162 | ART1: feature_1163 | ARU1: feature_1164 | ARV1: feature_1165 | ARW1: feature_1166 | ARX1: feature_1167 | ARY1: feature_1168 | ARZ1: feature_1169 | ASA1: feature_1170 | ASB1: feature_1171 | ASC1: feature_1172 | ASD1: feature_1173 | ASE1: feature_1174 | ASF1: feature_1175 | ASG1: feature_1176 | ASH1: feature_1177 | ASI1: feature_1178 | ASJ1: feature_1179 | ASK1: feature_1180 | ASL1: feature_1181 | ASM1: feature_1182 | ASN1: feature_1183 | ASO1: feature_1184 | ASP1: feature_1185 | ASQ1: feature_1186 | ASR1: feature_1187 | ASS1: feature_1188 | AST1: feature_1189 | ASU1: feature_1190 | ASV1: feature_1191 | ASW1: feature_1192 | ASX1: feature_1193 | ASY1: feature_1194 | ASZ1: feature_1195 | ATA1: feature_1196 | ATB1: feature_1197 | ATC1: feature_1198 | ATD1: feature_1199 | ATE1: feature_1200 | ATF1: feature_1201 | ATG1: feature_1202 | ATH1: feature_1203 | ATI1: feature_1204 | ATJ1: feature_1205 | ATK1: feature_1206 | ATL1: feature_1207 | ATM1: feature_1208 | ATN1: feature_1209 | ATO1: feature_1210 | ATP1: feature_1211 | ATQ1: feature_1212 | ATR1: feature_1213 | ATS1: feature_1214 | ATT1: feature_1215 | ATU1: feature_1216 | ATV1: feature_1217 | ATW1: feature_1218 | ATX1: feature_1219 | ATY1: feature_1220 | ATZ1: feature_1221 | AUA1: feature_1222 | AUB1: feature_1223 | AUC1: feature_1224 | AUD1: feature_1225 | AUE1: feature_1226 | AUF1: feature_1227 | AUG1: feature_1228 | AUH1: feature_1229 | AUI1: feature_1230 | AUJ1: feature_1231 | AUK1: feature_1232 | AUL1: feature_1233 | AUM1: feature_1234 | AUN1: feature_1235 | AUO1: feature_1236 | AUP1: feature_1237 | AUQ1: feature_1238 | AUR1: feature_1239 | AUS1: feature_1240 | AUT1: feature_1241 | AUU1: feature_1242 | AUV1: feature_1243 | AUW1: feature_1244 | AUX1: feature_1245 | AUY1: feature_1246 | AUZ1: feature_1247 | AVA1: feature_1248 | AVB1: feature_1249 | AVC1: feature_1250 | AVD1: feature_1251 | AVE1: feature_1252 | AVF1: feature_1253 | AVG1: feature_1254 | AVH1: feature_1255 | AVI1: feature_1256 | AVJ1: feature_1257 | AVK1: feature_1258 | AVL1: feature_1259 | AVM1: feature_1260 | AVN1: feature_1261 | AVO1: feature_1262 | AVP1: feature_1263 | AVQ1: feature_1264 | AVR1: feature_1265 | AVS1: feature_1266 | AVT1: feature_1267 | AVU1: feature_1268 | AVV1: feature_1269 | AVW1: feature_1270 | AVX1: feature_1271 | AVY1: feature_1272 | AVZ1: feature_1273 | AWA1: feature_1274 | AWB1: feature_1275 | AWC1: feature_1276 | AWD1: feature_1277 | AWE1: feature_1278 | AWF1: feature_1279 | AWG1: feature_1280 | AWH1: feature_1281 | AWI1: feature_1282 | AWJ1: feature_1283 | AWK1: feature_1284 | AWL1: feature_1285 | AWM1: feature_1286 | AWN1: feature_1287 | AWO1: feature_1288 | AWP1: feature_1289 | AWQ1: feature_1290 | AWR1: feature_1291 | AWS1: feature_1292 | AWT1: feature_1293 | AWU1: feature_1294 | AWV1: feature_1295 | AWW1: feature_1296 | AWX1: feature_1297 | AWY1: feature_1298 | AWZ1: feature_1299 | AXA1: feature_1300 | AXB1: feature_1301 | AXC1: feature_1302 | AXD1: feature_1303 | AXE1: feature_1304 | AXF1: feature_1305 | AXG1: feature_1306 | AXH1: feature_1307 | AXI1: feature_1308 | AXJ1: feature_1309 | AXK1: feature_1310 | AXL1: feature_1311 | AXM1: feature_1312 | AXN1: feature_1313 | AXO1: feature_1314 | AXP1: feature_1315 | AXQ1: feature_1316 | AXR1: feature_1317 | AXS1: feature_1318 | AXT1: feature_1319 | AXU1: feature_1320 | AXV1: feature_1321 | AXW1: feature_1322 | AXX1: feature_1323 | AXY1: feature_1324 | AXZ1: feature_1325 | AYA1: feature_1326 | AYB1: feature_1327 | AYC1: feature_1328 | AYD1: feature_1329 | AYE1: feature_1330 | AYF1: feature_1331 | AYG1: feature_1332 | AYH1: feature_1333 | AYI1: feature_1334 | AYJ1: feature_1335 | AYK1: feature_1336 | AYL1: feature_1337 | AYM1: feature_1338 | AYN1: feature_1339 | AYO1: feature_1340 | AYP1: feature_1341 | AYQ1: feature_1342 | AYR1: feature_1343 | AYS1: feature_1344 | AYT1: feature_1345 | AYU1: feature_1346 | AYV1: feature_1347 | AYW1: feature_1348 | AYX1: feature_1349 | AYY1: feature_1350 | AYZ1: feature_1351 | AZA1: feature_1352 | AZB1: feature_1353 | AZC1: feature_1354 | AZD1: feature_1355 | AZE1: feature_1356 | AZF1: feature_1357 | AZG1: feature_1358 | AZH1: feature_1359 | AZI1: feature_1360 | AZJ1: feature_1361 | AZK1: feature_1362 | AZL1: feature_1363 | AZM1: feature_1364 | AZN1: feature_1365 | AZO1: feature_1366 | AZP1: feature_1367 | AZQ1: feature_1368 | AZR1: feature_1369 | AZS1: feature_1370 | AZT1: feature_1371 | AZU1: feature_1372 | AZV1: feature_1373 | AZW1: feature_1374 | AZX1: feature_1375 | AZY1: feature_1376 | AZZ1: feature_1377 | BAA1: feature_1378 | BAB1: feature_1379 | BAC1: feature_1380 | BAD1: feature_1381 | BAE1: feature_1382 | BAF1: feature_1383 | BAG1: feature_1384 | BAH1: feature_1385 | BAI1: feature_1386 | BAJ1: feature_1387 | BAK1: feature_1388 | BAL1: feature_1389 | BAM1: feature_1390 | BAN1: feature_1391 | BAO1: feature_1392 | BAP1: feature_1393 | BAQ1: feature_1394 | BAR1: feature_1395 | BAS1: feature_1396 | BAT1: feature_1397 | BAU1: feature_1398 | BAV1: feature_1399 | BAW1: feature_1400 | BAX1: feature_1401 | BAY1: feature_1402 | BAZ1: feature_1403 | BBA1: feature_1404 | BBB1: feature_1405 | BBC1: feature_1406 | BBD1: feature_1407 | BBE1: feature_1408 | BBF1: feature_1409 | BBG1: feature_1410 | BBH1: feature_1411 | BBI1: feature_1412 | BBJ1: feature_1413 | BBK1: feature_1414 | BBL1: feature_1415 | BBM1: feature_1416 | BBN1: feature_1417 | BBO1: feature_1418 | BBP1: feature_1419 | BBQ1: feature_1420 | BBR1: feature_1421 | BBS1: feature_1422 | BBT1: feature_1423 | BBU1: feature_1424 | BBV1: feature_1425 | BBW1: feature_1426 | BBX1: feature_1427 | BBY1: feature_1428 | BBZ1: feature_1429 | BCA1: feature_1430 | BCB1: feature_1431 | BCC1: feature_1432 | BCD1: feature_1433 | BCE1: feature_1434 | BCF1: feature_1435 | BCG1: feature_1436 | BCH1: feature_1437 | BCI1: feature_1438 | BCJ1: feature_1439 | BCK1: feature_1440 | BCL1: feature_1441 | BCM1: feature_1442 | BCN1: feature_1443 | BCO1: feature_1444 | BCP1: feature_1445 | BCQ1: feature_1446 | BCR1: feature_1447 | BCS1: feature_1448 | BCT1: feature_1449 | BCU1: feature_1450 | BCV1: feature_1451 | BCW1: feature_1452 | BCX1: feature_1453 | BCY1: feature_1454 | BCZ1: feature_1455 | BDA1: feature_1456 | BDB1: feature_1457 | BDC1: feature_1458 | BDD1: feature_1459 | BDE1: feature_1460 | BDF1: feature_1461 | BDG1: feature_1462 | BDH1: feature_1463 | BDI1: feature_1464 | BDJ1: feature_1465 | BDK1: feature_1466 | BDL1: feature_1467 | BDM1: feature_1468 | BDN1: feature_1469 | BDO1: feature_1470 | BDP1: feature_1471 | BDQ1: feature_1472 | BDR1: feature_1473 | BDS1: feature_1474 | BDT1: feature_1475 | BDU1: feature_1476 | BDV1: feature_1477 | BDW1: feature_1478 | BDX1: feature_1479 | BDY1: feature_1480 | BDZ1: feature_1481 | BEA1: feature_1482 | BEB1: feature_1483 | BEC1: feature_1484 | BED1: feature_1485 | BEE1: feature_1486 | BEF1: feature_1487 | BEG1: feature_1488 | BEH1: feature_1489 | BEI1: feature_1490 | BEJ1: feature_1491 | BEK1: feature_1492 | BEL1: feature_1493 | BEM1: feature_1494 | BEN1: feature_1495 | BEO1: feature_1496 | BEP1: feature_1497 | BEQ1: feature_1498 | BER1: feature_1499 | BES1: feature_1500 | BET1: feature_1501 | BEU1: feature_1502 | BEV1: feature_1503 | BEW1: feature_1504 | BEX1: feature_1505 | BEY1: feature_1506 | BEZ1: feature_1507 | BFA1: feature_1508 | BFB1: feature_1509 | BFC1: feature_1510 | BFD1: feature_1511 | BFE1: feature_1512 | BFF1: feature_1513 | BFG1: feature_1514 | BFH1: feature_1515 | BFI1: feature_1516 | BFJ1: feature_1517 | BFK1: feature_1518 | BFL1: feature_1519 | BFM1: feature_1520 | BFN1: feature_1521 | BFO1: feature_1522 | BFP1: feature_1523 | BFQ1: feature_1524 | BFR1: feature_1525 | BFS1: feature_1526 | BFT1: feature_1527 | BFU1: feature_1528 | BFV1: feature_1529 | BFW1: feature_1530 | BFX1: feature_1531 | BFY1: feature_1532 | BFZ1: feature_1533 | BGA1: feature_1534 | BGB1: feature_1535 | BGC1: feature_1536 | BGD1: feature_1537 | BGE1: feature_1538 | BGF1: feature_1539 | BGG1: feature_1540 | BGH1: feature_1541 | BGI1: feature_1542 | BGJ1: feature_1543 | BGK1: feature_1544 | BGL1: feature_1545 | BGM1: feature_1546 | BGN1: feature_1547 | BGO1: feature_1548 | BGP1: feature_1549 | BGQ1: feature_1550 | BGR1: feature_1551 | BGS1: feature_1552 | BGT1: feature_1553 | BGU1: feature_1554 | BGV1: feature_1555 | BGW1: feature_1556 | BGX1: feature_1557 | BGY1: feature_1558 | BGZ1: feature_1559 | BHA1: feature_1560 | BHB1: feature_1561 | BHC1: feature_1562 | BHD1: feature_1563 | BHE1: feature_1564 | BHF1: feature_1565 | BHG1: feature_1566 | BHH1: feature_1567 | BHI1: feature_1568 | BHJ1: feature_1569 | BHK1: feature_1570 | BHL1: feature_1571 | BHM1: feature_1572 | BHN1: feature_1573 | BHO1: feature_1574 | BHP1: feature_1575 | BHQ1: feature_1576 | BHR1: feature_1577 | BHS1: feature_1578 | BHT1: feature_1579 | BHU1: feature_1580 | BHV1: feature_1581 | BHW1: feature_1582 | BHX1: feature_1583 | BHY1: feature_1584 | BHZ1: feature_1585 | BIA1: feature_1586 | BIB1: feature_1587 | BIC1: feature_1588 | BID1: feature_1589 | BIE1: feature_1590 | BIF1: feature_1591 | BIG1: feature_1592 | BIH1: feature_1593 | BII1: feature_1594 | BIJ1: feature_1595 | BIK1: feature_1596 | BIL1: feature_1597 | BIM1: feature_1598 | BIN1: feature_1599 | BIO1: feature_1600 | BIP1: feature_1601 | BIQ1: feature_1602 | BIR1: feature_1603 | BIS1: feature_1604 | BIT1: feature_1605 | BIU1: feature_1606 | BIV1: feature_1607 | BIW1: feature_1608 | BIX1: feature_1609 | BIY1: feature_1610 | BIZ1: feature_1611 | BJA1: feature_1612 | BJB1: feature_1613 | BJC1: feature_1614 | BJD1: feature_1615 | BJE1: feature_1616 | BJF1: feature_1617 | BJG1: feature_1618 | BJH1: feature_1619 | BJI1: feature_1620 | BJJ1: feature_1621 | BJK1: feature_1622 | BJL1: feature_1623 | BJM1: feature_1624 | BJN1: feature_1625 | BJO1: feature_1626 | BJP1: feature_1627 | BJQ1: feature_1628 | BJR1: feature_1629 | BJS1: feature_1630 | BJT1: feature_1631 | BJU1: feature_1632 | BJV1: feature_1633 | BJW1: feature_1634 | BJX1: feature_1635 | BJY1: feature_1636 | BJZ1: feature_1637 | BKA1: feature_1638 | BKB1: feature_1639 | BKC1: feature_1640 | BKD1: feature_1641 | BKE1: feature_1642 | BKF1: feature_1643 | BKG1: feature_1644 | BKH1: feature_1645 | BKI1: feature_1646 | BKJ1: feature_1647 | BKK1: feature_1648 | BKL1: feature_1649 | BKM1: feature_1650 | BKN1: feature_1651 | BKO1: feature_1652 | BKP1: feature_1653 | BKQ1: feature_1654 | BKR1: feature_1655 | BKS1: feature_1656 | BKT1: feature_1657 | BKU1: feature_1658 | BKV1: feature_1659 | BKW1: feature_1660 | BKX1: feature_1661 | BKY1: feature_1662 | BKZ1: feature_1663 | BLA1: feature_1664 | BLB1: feature_1665 | BLC1: feature_1666 | BLD1: feature_1667 | BLE1: feature_1668 | BLF1: feature_1669 | BLG1: feature_1670 | BLH1: feature_1671 | BLI1: feature_1672 | BLJ1: feature_1673 | BLK1: feature_1674 | BLL1: feature_1675 | BLM1: feature_1676 | BLN1: feature_1677 | BLO1: feature_1678 | BLP1: feature_1679 | BLQ1: feature_1680 | BLR1: feature_1681 | BLS1: feature_1682 | BLT1: feature_1683 | BLU1: feature_1684 | BLV1: feature_1685 | BLW1: feature_1686 | BLX1: feature_1687 | BLY1: feature_1688 | BLZ1: feature_1689 | BMA1: feature_1690 | BMB1: feature_1691 | BMC1: feature_1692 | BMD1: feature_1693 | BME1: feature_1694 | BMF1: feature_1695 | BMG1: feature_1696 | BMH1: feature_1697 | BMI1: feature_1698 | BMJ1: feature_1699 | BMK1: feature_1700 | BML1: feature_1701 | BMM1: feature_1702 | BMN1: feature_1703 | BMO1: feature_1704 | BMP1: feature_1705 | BMQ1: feature_1706 | BMR1: feature_1707 | BMS1: feature_1708 | BMT1: feature_1709 | BMU1: feature_1710 | BMV1: feature_1711 | BMW1: feature_1712 | BMX1: feature_1713 | BMY1: feature_1714 | BMZ1: feature_1715 | BNA1: feature_1716 | BNB1: feature_1717 | BNC1: feature_1718 | BND1: feature_1719 | BNE1: feature_1720 | BNF1: feature_1721 | BNG1: feature_1722 | BNH1: feature_1723 | BNI1: feature_1724 | BNJ1: feature_1725 | BNK1: feature_1726 | BNL1: feature_1727 | BNM1: feature_1728 | BNN1: feature_1729 | BNO1: feature_1730 | BNP1: feature_1731 | BNQ1: feature_1732 | BNR1: feature_1733 | BNS1: feature_1734 | BNT1: feature_1735 | BNU1: feature_1736 | BNV1: feature_1737 | BNW1: feature_1738 | BNX1: feature_1739 | BNY1: feature_1740 | BNZ1: feature_1741 | BOA1: feature_1742 | BOB1: feature_1743 | BOC1: feature_1744 | BOD1: feature_1745 | BOE1: feature_1746 | BOF1: feature_1747 | BOG1: feature_1748 | BOH1: feature_1749 | BOI1: feature_1750 | BOJ1: feature_1751 | BOK1: feature_1752 | BOL1: feature_1753 | BOM1: feature_1754 | BON1: feature_1755 | BOO1: feature_1756 | BOP1: feature_1757 | BOQ1: feature_1758 | BOR1: feature_1759 | BOS1: feature_1760 | BOT1: feature_1761 | BOU1: feature_1762 | BOV1: feature_1763 | BOW1: feature_1764 | BOX1: feature_1765 | BOY1: feature_1766 | BOZ1: feature_1767 | BPA1: feature_1768 | BPB1: feature_1769 | BPC1: feature_1770 | BPD1: feature_1771 | BPE1: feature_1772 | BPF1: feature_1773 | BPG1: feature_1774 | BPH1: feature_1775 | BPI1: feature_1776 | BPJ1: feature_1777 | BPK1: feature_1778 | BPL1: feature_1779 | BPM1: feature_1780 | BPN1: feature_1781 | BPO1: feature_1782 | BPP1: feature_1783 | BPQ1: feature_1784 | BPR1: feature_1785 | BPS1: feature_1786 | BPT1: feature_1787 | BPU1: feature_1788 | BPV1: feature_1789 | BPW1: feature_1790 | BPX1: feature_1791 | BPY1: feature_1792 | BPZ1: feature_1793 | BQA1: feature_1794 | BQB1: feature_1795 | BQC1: feature_1796 | BQD1: feature_1797 | BQE1: feature_1798 | BQF1: feature_1799 | BQG1: feature_1800 | BQH1: feature_1801 | BQI1: feature_1802 | BQJ1: feature_1803 | BQK1: feature_1804 | BQL1: feature_1805 | BQM1: feature_1806 | BQN1: feature_1807 | BQO1: feature_1808 | BQP1: feature_1809 | BQQ1: feature_1810 | BQR1: feature_1811 | BQS1: feature_1812 | BQT1: feature_1813 | BQU1: feature_1814 | BQV1: feature_1815 | BQW1: feature_1816 | BQX1: feature_1817 | BQY1: feature_1818 | BQZ1: feature_1819 | BRA1: feature_1820 | BRB1: feature_1821 | BRC1: feature_1822 | BRD1: feature_1823 | BRE1: feature_1824 | BRF1: feature_1825 | BRG1: feature_1826 | BRH1: feature_1827 | BRI1: feature_1828 | BRJ1: feature_1829 | BRK1: feature_1830 | BRL1: feature_1831 | BRM1: feature_1832 | BRN1: feature_1833 | BRO1: feature_1834 | BRP1: feature_1835 | BRQ1: feature_1836 | BRR1: feature_1837 | BRS1: feature_1838 | BRT1: feature_1839 | BRU1: feature_1840 | BRV1: feature_1841 | BRW1: feature_1842 | BRX1: feature_1843 | BRY1: feature_1844 | BRZ1: feature_1845 | BSA1: feature_1846 | BSB1: feature_1847 | BSC1: feature_1848 | BSD1: feature_1849 | BSE1: feature_1850 | BSF1: feature_1851 | BSG1: feature_1852 | BSH1: feature_1853 | BSI1: feature_1854 | BSJ1: feature_1855 | BSK1: feature_1856 | BSL1: feature_1857 | BSM1: feature_1858 | BSN1: feature_1859 | BSO1: feature_1860 | BSP1: feature_1861 | BSQ1: feature_1862 | BSR1: feature_1863 | BSS1: feature_1864 | BST1: feature_1865 | BSU1: feature_1866 | BSV1: feature_1867 | BSW1: feature_1868 | BSX1: feature_1869 | BSY1: feature_1870 | BSZ1: feature_1871 | BTA1: feature_1872 | BTB1: feature_1873 | BTC1: feature_1874 | BTD1: feature_1875 | BTE1: feature_1876 | BTF1: feature_1877 | BTG1: feature_1878 | BTH1: feature_1879 | BTI1: feature_1880 | BTJ1: feature_1881 | BTK1: feature_1882 | BTL1: feature_1883 | BTM1: feature_1884 | BTN1: feature_1885 | BTO1: feature_1886 | BTP1: feature_1887 | BTQ1: feature_1888 | BTR1: feature_1889 | BTS1: feature_1890 | BTT1: feature_1891 | BTU1: feature_1892 | BTV1: feature_1893 | BTW1: feature_1894 | BTX1: feature_1895 | BTY1: feature_1896 | BTZ1: feature_1897 | BUA1: feature_1898 | BUB1: feature_1899 | BUC1: feature_1900 | BUD1: feature_1901 | BUE1: feature_1902 | BUF1: feature_1903 | BUG1: feature_1904 | BUH1: feature_1905 | BUI1: feature_1906 | BUJ1: feature_1907 | BUK1: feature_1908 | BUL1: feature_1909 | BUM1: feature_1910 | BUN1: feature_1911 | BUO1: feature_1912 | BUP1: feature_1913 | BUQ1: feature_1914 | BUR1: feature_1915 | BUS1: feature_1916 | BUT1: feature_1917 | BUU1: feature_1918 | BUV1: feature_1919 | BUW1: feature_1920 | BUX1: feature_1921 | BUY1: feature_1922 | BUZ1: feature_1923 | BVA1: feature_1924 | BVB1: feature_1925 | BVC1: feature_1926 | BVD1: feature_1927 | BVE1: feature_1928 | BVF1: feature_1929 | BVG1: feature_1930 | BVH1: feature_1931 | BVI1: feature_1932 | BVJ1: feature_1933 | BVK1: feature_1934 | BVL1: feature_1935 | BVM1: feature_1936 | BVN1: feature_1937 | BVO1: feature_1938 | BVP1: feature_1939 | BVQ1: feature_1940 | BVR1: feature_1941 | BVS1: feature_1942 | BVT1: feature_1943 | BVU1: feature_1944 | BVV1: feature_1945 | BVW1: feature_1946 | BVX1: feature_1947 | BVY1: feature_1948 | BVZ1: feature_1949 | BWA1: feature_1950 | BWB1: feature_1951 | BWC1: feature_1952 | BWD1: feature_1953 | BWE1: feature_1954 | BWF1: feature_1955 | BWG1: feature_1956 | BWH1: feature_1957 | BWI1: feature_1958 | BWJ1: feature_1959 | BWK1: feature_1960 | BWL1: feature_1961 | BWM1: feature_1962 | BWN1: feature_1963 | BWO1: feature_1964 | BWP1: feature_1965 | BWQ1: feature_1966 | BWR1: feature_1967 | BWS1: feature_1968 | BWT1: feature_1969 | BWU1: feature_1970 | BWV1: feature_1971 | BWW1: feature_1972 | BWX1: feature_1973 | BWY1: feature_1974 | BWZ1: feature_1975 | BXA1: feature_1976 | BXB1: feature_1977 | BXC1: feature_1978 | BXD1: feature_1979 | BXE1: feature_1980 | BXF1: feature_1981 | BXG1: feature_1982 | BXH1: feature_1983 | BXI1: feature_1984 | BXJ1: feature_1985 | BXK1: feature_1986 | BXL1: feature_1987 | BXM1: feature_1988 | BXN1: feature_1989 | BXO1: feature_1990 | BXP1: feature_1991 | BXQ1: feature_1992 | BXR1: feature_1993 | BXS1: feature_1994 | BXT1: feature_1995 | BXU1: feature_1996 | BXV1: feature_1997 | BXW1: feature_1998 | BXX1: feature_1999 | BXY1: feature_2000 | BXZ1: feature_2001 | BYA1: feature_2002 | BYB1: feature_2003 | BYC1: feature_2004 | BYD1: feature_2005 | BYE1: feature_2006 | BYF1: feature_2007 | BYG1: feature_2008 | BYH1: feature_2009 | BYI1: feature_2010 | BYJ1: feature_2011 | BYK1: feature_2012 | BYL1: feature_2013 | BYM1: feature_2014 | BYN1: feature_2015 | BYO1: feature_2016 | BYP1: feature_2017 | BYQ1: feature_2018 | BYR1: feature_2019 | BYS1: feature_2020 | BYT1: feature_2021 | BYU1: feature_2022 | BYV1: feature_2023 | BYW1: feature_2024 | BYX1: feature_2025 | BYY1: feature_2026 | BYZ1: feature_2027 | BZA1: feature_2028 | BZB1: feature_2029 | BZC1: feature_2030 | BZD1: feature_2031 | BZE1: feature_2032 | BZF1: feature_2033 | BZG1: feature_2034 | BZH1: feature_2035 | BZI1: feature_2036 | BZJ1: feature_2037 | BZK1: feature_2038 | BZL1: feature_2039 | BZM1: feature_2040 | BZN1: feature_2041 | BZO1: feature_2042 | BZP1: feature_2043 | BZQ1: feature_2044 | BZR1: feature_2045 | BZS1: feature_2046 | BZT1: feature_2047 | BZU1: feature_2048 | BZV1: feature_2049 | BZW1: feature_2050 | BZX1: feature_2051 | BZY1: feature_2052 | BZZ1: feature_2053 | CAA1: feature_2054 | CAB1: feature_2055 | CAC1: feature_2056 | CAD1: feature_2057 | CAE1: feature_2058 | CAF1: feature_2059 | CAG1: feature_2060 | CAH1: feature_2061 | CAI1: feature_2062 | CAJ1: feature_2063 | CAK1: feature_2064 | CAL1: feature_2065 | CAM1: feature_2066 | CAN1: feature_2067 | CAO1: feature_2068 | CAP1: feature_2069 | CAQ1: feature_2070 | CAR1: feature_2071 | CAS1: feature_2072 | CAT1: feature_2073 | CAU1: feature_2074 | CAV1: feature_2075 | CAW1: feature_2076 | CAX1: feature_2077 | CAY1: feature_2078 | CAZ1: feature_2079 | CBA1: feature_2080 | CBB1: feature_2081 | CBC1: feature_2082 | CBD1: feature_2083 | CBE1: feature_2084 | CBF1: feature_2085 | CBG1: feature_2086 | CBH1: feature_2087 | CBI1: feature_2088 | CBJ1: feature_2089 | CBK1: feature_2090 | CBL1: feature_2091 | CBM1: feature_2092 | CBN1: feature_2093 | CBO1: feature_2094 | CBP1: feature_2095 | CBQ1: feature_2096 | CBR1: feature_2097 | CBS1: feature_2098 | CBT1: feature_2099 | CBU1: feature_2100 | CBV1: feature_2101 | CBW1: feature_2102 | CBX1: feature_2103 | CBY1: feature_2104 | CBZ1: feature_2105 | CCA1: feature_2106 | CCB1: feature_2107 | CCC1: feature_2108 | CCD1: feature_2109 | CCE1: feature_2110 | CCF1: feature_2111 | CCG1: feature_2112 | CCH1: feature_2113 | CCI1: feature_2114 | CCJ1: feature_2115 | CCK1: feature_2116 | CCL1: feature_2117 | CCM1: feature_2118 | CCN1: feature_2119 | CCO1: feature_2120 | CCP1: feature_2121 | CCQ1: feature_2122 | CCR1: feature_2123 | CCS1: feature_2124 | CCT1: feature_2125 | CCU1: feature_2126 | CCV1: feature_2127 | CCW1: feature_2128 | CCX1: feature_2129 | CCY1: feature_2130 | CCZ1: feature_2131 | CDA1: feature_2132 | CDB1: feature_2133 | CDC1: feature_2134 | CDD1: feature_2135 | CDE1: feature_2136 | CDF1: feature_2137 | CDG1: feature_2138 | CDH1: feature_2139 | CDI1: feature_2140 | CDJ1: feature_2141 | CDK1: feature_2142 | CDL1: feature_2143 | CDM1: feature_2144 | CDN1: feature_2145 | CDO1: feature_2146 | CDP1: feature_2147 | CDQ1: feature_2148 | CDR1: feature_2149 | CDS1: feature_2150 | CDT1: feature_2151 | CDU1: feature_2152 | CDV1: feature_2153 | CDW1: feature_2154 | CDX1: feature_2155 | CDY1: feature_2156 | CDZ1: feature_2157 | CEA1: feature_2158 | CEB1: feature_2159 | CEC1: feature_2160 | CED1: feature_2161 | CEE1: feature_2162 | CEF1: feature_2163 | CEG1: feature_2164 | CEH1: feature_2165 | CEI1: feature_2166 | CEJ1: feature_2167 | CEK1: feature_2168 | CEL1: feature_2169 | CEM1: feature_2170 | CEN1: feature_2171 | CEO1: feature_2172 | CEP1: feature_2173 | CEQ1: feature_2174 | CER1: feature_2175 | CES1: feature_2176 | CET1: feature_2177 | CEU1: feature_2178 | CEV1: feature_2179 | CEW1: feature_2180 | CEX1: feature_2181 | CEY1: feature_2182 | CEZ1: feature_2183 | CFA1: feature_2184 | CFB1: feature_2185 | CFC1: feature_2186 | CFD1: feature_2187 | CFE1: feature_2188 | CFF1: feature_2189 | CFG1: feature_2190 | CFH1: feature_2191 | CFI1: feature_2192 | CFJ1: feature_2193 | CFK1: feature_2194 | CFL1: feature_2195 | CFM1: feature_2196 | CFN1: feature_2197 | CFO1: feature_2198 | CFP1: feature_2199 | CFQ1: feature_2200 | CFR1: feature_2201 | CFS1: feature_2202 | CFT1: feature_2203 | CFU1: feature_2204 | CFV1: feature_2205 | CFW1: feature_2206 | CFX1: feature_2207 | CFY1: feature_2208 | CFZ1: feature_2209 | CGA1: feature_2210 | CGB1: feature_2211 | CGC1: feature_2212 | CGD1: feature_2213 | CGE1: feature_2214 | CGF1: feature_2215 | CGG1: feature_2216 | CGH1: feature_2217 | CGI1: feature_2218 | CGJ1: feature_2219 | CGK1: feature_2220 | CGL1: feature_2221 | CGM1: feature_2222 | CGN1: feature_2223 | CGO1: feature_2224 | CGP1: feature_2225 | CGQ1: feature_2226 | CGR1: feature_2227 | CGS1: feature_2228 | CGT1: feature_2229 | CGU1: feature_2230 | CGV1: feature_2231 | CGW1: feature_2232 | CGX1: feature_2233 | CGY1: feature_2234 | CGZ1: feature_2235 | CHA1: feature_2236 | CHB1: feature_2237 | CHC1: feature_2238 | CHD1: feature_2239 | CHE1: feature_2240 | CHF1: feature_2241 | CHG1: feature_2242 | CHH1: feature_2243 | CHI1: feature_2244 | CHJ1: feature_2245 | CHK1: feature_2246 | CHL1: feature_2247 | CHM1: feature_2248 | CHN1: feature_2249 | CHO1: feature_2250 | CHP1: feature_2251 | CHQ1: feature_2252 | CHR1: feature_2253 | CHS1: feature_2254 | CHT1: feature_2255 | CHU1: feature_2256 | CHV1: feature_2257 | CHW1: feature_2258 | CHX1: feature_2259 | CHY1: feature_2260 | CHZ1: feature_2261 | CIA1: feature_2262 | CIB1: feature_2263 | CIC1: feature_2264 | CID1: feature_2265 | CIE1: feature_2266 | CIF1: feature_2267 | CIG1: feature_2268 | CIH1: feature_2269 | CII1: feature_2270 | CIJ1: feature_2271 | CIK1: feature_2272 | CIL1: feature_2273 | CIM1: feature_2274 | CIN1: feature_2275 | CIO1: feature_2276 | CIP1: feature_2277 | CIQ1: feature_2278 | CIR1: feature_2279 | CIS1: feature_2280 | CIT1: feature_2281 | CIU1: feature_2282 | CIV1: feature_2283 | CIW1: feature_2284 | CIX1: feature_2285 | CIY1: feature_2286 | CIZ1: feature_2287 | CJA1: feature_2288 | CJB1: feature_2289 | CJC1: feature_2290 | CJD1: feature_2291 | CJE1: feature_2292 | CJF1: feature_2293 | CJG1: feature_2294 | CJH1: feature_2295 | CJI1: feature_2296 | CJJ1: feature_2297 | CJK1: feature_2298 | CJL1: feature_2299 | CJM1: feature_2300 | CJN1: feature_2301 | CJO1: feature_2302 | CJP1: feature_2303 | CJQ1: feature_2304 | CJR1: feature_2305 | CJS1: feature_2306 | CJT1: feature_2307 | CJU1: feature_2308 | CJV1: feature_2309 | CJW1: feature_2310 | CJX1: feature_2311 | CJY1: feature_2312 | CJZ1: feature_2313 | CKA1: feature_2314 | CKB1: feature_2315 | CKC1: feature_2316 | CKD1: feature_2317 | CKE1: feature_2318 | CKF1: feature_2319 | CKG1: feature_2320 | CKH1: feature_2321 | CKI1: feature_2322 | CKJ1: feature_2323 | CKK1: feature_2324 | CKL1: feature_2325 | CKM1: feature_2326 | CKN1: feature_2327 | CKO1: feature_2328 | CKP1: feature_2329 | CKQ1: feature_2330 | CKR1: feature_2331 | CKS1: feature_2332 | CKT1: feature_2333 | CKU1: feature_2334 | CKV1: feature_2335 | CKW1: feature_2336 | CKX1: feature_2337 | CKY1: feature_2338 | CKZ1: feature_2339 | CLA1: feature_2340 | CLB1: feature_2341 | CLC1: feature_2342 | CLD1: feature_2343 | CLE1: feature_2344 | CLF1: feature_2345 | CLG1: feature_2346 | CLH1: feature_2347 | CLI1: feature_2348 | CLJ1: feature_2349 | CLK1: feature_2350 | CLL1: feature_2351 | CLM1: feature_2352 | CLN1: feature_2353 | CLO1: feature_2354 | CLP1: feature_2355 | CLQ1: feature_2356 | CLR1: feature_2357 | CLS1: feature_2358 | CLT1: feature_2359 | CLU1: feature_2360 | CLV1: feature_2361 | CLW1: feature_2362 | CLX1: feature_2363 | CLY1: feature_2364 | CLZ1: feature_2365 | CMA1: feature_2366 | CMB1: feature_2367 | CMC1: feature_2368 | CMD1: feature_2369 | CME1: feature_2370 | CMF1: feature_2371 | CMG1: feature_2372 | CMH1: feature_2373 | CMI1: feature_2374 | CMJ1: feature_2375 | CMK1: feature_2376 | CML1: feature_2377 | CMM1: feature_2378 | CMN1: feature_2379 | CMO1: feature_2380 | CMP1: feature_2381 | CMQ1: feature_2382 | CMR1: feature_2383 | CMS1: feature_2384 | CMT1: feature_2385 | CMU1: feature_2386 | CMV1: feature_2387 | CMW1: feature_2388 | CMX1: feature_2389 | CMY1: feature_2390 | CMZ1: feature_2391 | CNA1: feature_2392 | CNB1: feature_2393 | CNC1: feature_2394 | CND1: feature_2395 | CNE1: feature_2396 | CNF1: feature_2397 | CNG1: feature_2398 | CNH1: feature_2399 | CNI1: feature_2400 | CNJ1: feature_2401 | CNK1: feature_2402 | CNL1: feature_2403 | CNM1: feature_2404 | CNN1: feature_2405 | CNO1: feature_2406 | CNP1: feature_2407 | CNQ1: feature_2408 | CNR1: feature_2409 | CNS1: feature_2410 | CNT1: feature_2411 | CNU1: feature_2412 | CNV1: feature_2413 | CNW1: feature_2414 | CNX1: feature_2415 | CNY1: feature_2416 | CNZ1: feature_2417 | COA1: feature_2418 | COB1: feature_2419 | COC1: feature_2420 | COD1: feature_2421 | COE1: feature_2422 | COF1: feature_2423 | COG1: feature_2424 | COH1: feature_2425 | COI1: feature_2426 | COJ1: feature_2427 | COK1: feature_2428 | COL1: feature_2429 | COM1: feature_2430 | CON1: feature_2431 | COO1: feature_2432 | COP1: feature_2433 | COQ1: feature_2434 | COR1: feature_2435 | COS1: feature_2436 | COT1: feature_2437 | COU1: feature_2438 | COV1: feature_2439 | COW1: feature_2440 | COX1: feature_2441 | COY1: feature_2442 | COZ1: feature_2443 | CPA1: feature_2444 | CPB1: feature_2445 | CPC1: feature_2446 | CPD1: feature_2447 | CPE1: feature_2448 | CPF1: feature_2449 | CPG1: feature_2450 | CPH1: feature_2451 | CPI1: feature_2452 | CPJ1: feature_2453 | CPK1: feature_2454 | CPL1: feature_2455 | CPM1: feature_2456 | CPN1: feature_2457 | CPO1: feature_2458 | CPP1: feature_2459 | CPQ1: feature_2460 | CPR1: feature_2461 | CPS1: feature_2462 | CPT1: feature_2463 | CPU1: feature_2464 | CPV1: feature_2465 | CPW1: feature_2466 | CPX1: feature_2467 | CPY1: feature_2468 | CPZ1: feature_2469 | CQA1: feature_2470 | CQB1: feature_2471 | CQC1: feature_2472 | CQD1: feature_2473 | CQE1: feature_2474 | CQF1: feature_2475 | CQG1: feature_2476 | CQH1: feature_2477 | CQI1: feature_2478 | CQJ1: feature_2479 | CQK1: feature_2480 | CQL1: feature_2481 | CQM1: feature_2482 | CQN1: feature_2483 | CQO1: feature_2484 | CQP1: feature_2485 | CQQ1: feature_2486 | CQR1: feature_2487 | CQS1: feature_2488 | CQT1: feature_2489 | CQU1: feature_2490 | CQV1: feature_2491 | CQW1: feature_2492 | CQX1: feature_2493 | CQY1: feature_2494 | CQZ1: feature_2495 | CRA1: feature_2496 | CRB1: feature_2497 | CRC1: feature_2498 | CRD1: feature_2499 | CRE1: feature_2500 | CRF1: feature_2501 | CRG1: feature_2502 | CRH1: feature_2503 | CRI1: feature_2504 | CRJ1: feature_2505 | CRK1: feature_2506 | CRL1: feature_2507 | CRM1: feature_2508 | CRN1: feature_2509 | CRO1: feature_2510 | CRP1: feature_2511 | CRQ1: feature_2512 | CRR1: feature_2513 | CRS1: feature_2514 | CRT1: feature_2515 | CRU1: feature_2516 | CRV1: feature_2517 | CRW1: feature_2518 | CRX1: feature_2519 | CRY1: feature_2520 | CRZ1: feature_2521 | CSA1: feature_2522 | CSB1: feature_2523 | CSC1: feature_2524 | CSD1: feature_2525 | CSE1: feature_2526 | CSF1: feature_2527 | CSG1: feature_2528 | CSH1: feature_2529 | CSI1: feature_2530 | CSJ1: feature_2531 | CSK1: feature_2532 | CSL1: feature_2533 | CSM1: feature_2534 | CSN1: feature_2535 | CSO1: feature_2536 | CSP1: feature_2537 | CSQ1: feature_2538 | CSR1: feature_2539 | CSS1: feature_2540 | CST1: feature_2541 | CSU1: feature_2542 | CSV1: feature_2543 | CSW1: feature_2544 | CSX1: feature_2545 | CSY1: feature_2546 | CSZ1: feature_2547 | CTA1: feature_2548 | CTB1: feature_2549 | CTC1: feature_2550 | CTD1: feature_2551 | CTE1: feature_2552
A2: sample_1_DIP | B2: 0 | C2: 1298 | D2: 1541 | E2: 414 | F2: 46 | G2: 258 | H2: 349 | I2: 126 | J2: 426 | K2: 361 | L2: 388 | M2: 687 | N2: 557 | O2: 0 | P2: 57 | Q2: 155 | R2: 21 | S2: 0 | T2: 67 | U2: 0 | V2: 57 | W2: 0 | X2: 1 | Y2: 66 | Z2: 103 | AA2: 138 | AB2: 16 | AC2: 98 | AD2: 94 | AE2: 10 | AF2: 30 | AG2: 0 | AH2: 30 | AI2: 84 | AJ2: 0 | AK2: 0 | AL2: 0 | AM2: 7 | AN2: 0 | AO2: 56 | AP2: 22 | AQ2: 0 | AR2: 35 | AS2: 0 | AT2: 13 | AU2: 44 | AV2: 0 | AW2: 3 | AX2: 0 | AY2: 3 | AZ2: 0 | BA2: 0 | BB2: 5 | BC2: 7 | BD2: 0 | BE2: 0 | BF2: 12 | BG2: 2 | BH2: 13 | BI2: 3 | BJ2: 0 | BK2: 5 | BL2: 36 | BM2: 0 | BN2: 0 | BO2: 22 | BP2: 17 | BQ2: 0 | BR2: 1 | BS2: 14 | BT2: 0 | BU2: 0 | BV2: 0 | BW2: 0 | BX2: 0 | BY2: 0 | BZ2: 2 | CA2: 0 | CB2: 0 | CC2: 0 | CD2: 0 | CE2: 0 | CF2: 0 | CG2: 13 | CH2: 9 | CI2: 0 | CJ2: 0 | CK2: 8 | CL2: 0 | CM2: 0 | CN2: 5 | CO2: 2 | CP2: 0 | CQ2: 5 | CR2: 0 | CS2: 0 | CT2: 0 | CU2: 0 | CV2: 20 | CW2: 0 | CX2: 5 | CY2: 4 | CZ2: 1 | DA2: 0 | DB2: 0 | DC2: 0 | DD2: 4 | DE2: 5 | DF2: 0 | DG2: 0 | DH2: 3 | DI2: 1 | DJ2: 0 | DK2: 1 | DL2: 2 | DM2: 5 | DN2: 2 | DO2: 3 | DP2: 4 | DQ2: 0 | DR2: 4 | DS2: 0 | DT2: 6 | DU2: 3 | DV2: 0 | DW2: 4 | DX2: 10 | DY2: 0 | DZ2: 0 | EA2: 3 | EB2: 0 | EC2: 8 | ED2: 0 | EE2: 0 | EF2: 2 | EG2: 7 | EH2: 0 | EI2: 3 | EJ2: 0 | EK2: 0 | EL2: 3 | EM2: 4 | EN2: 1 | EO2: 5 | EP2: 0 | EQ2: 5 | ER2: 4 | ES2: 8 | ET2: 2 | EU2: 7 | EV2: 2 | EW2: 3 | EX2: 0 | EY2: 0 | EZ2: 4 | FA2: 2 | FB2: 0 | FC2: 0 | FD2: 0 | FE2: 3 | FF2: 1 | FG2: 1 | FH2: 0 | FI2: 0 | FJ2: 1 | FK2: 0 | FL2: 5 | FM2: 1 | FN2: 0 | FO2: 0 | FP2: 0 | FQ2: 0 | FR2: 0 | FS2: 0 | FT2: 0 | FU2: 3 | FV2: 0 | FW2: 0 | FX2: 0 | FY2: 0 | FZ2: 1 | GA2: 0 | GB2: 1 | GC2: 0 | GD2: 0 | GE2: 0 | GF2: 0 | GG2: 0 | GH2: 0 | GI2: 0 | GJ2: 1 | GK2: 5 | GL2: 0 | GM2: 0 | GN2: 0 | GO2: 4 | GP2: 0 | GQ2: 0 | GR2: 0 | GS2: 0 | GT2: 1 | GU2: 0 | GV2: 1 | GW2: 0 | GX2: 1 | GY2: 0 | GZ2: 0 | HA2: 0 | HB2: 0 | HC2: 1 | HD2: 0 | HE2: 0 | HF2: 2 | HG2: 0 | HH2: 0 | HI2: 0 | HJ2: 2 | HK2: 5 | HL2: 0 | HM2: 0 | HN2: 2 | HO2: 0 | HP2: 0 | HQ2: 3 | HR2: 0 | HS2: 0 | HT2: 0 | HU2: 0 | HV2: 1 | HW2: 1 | HX2: 2 | HY2: 1 | HZ2: 0 | IA2: 0 | IB2: 1 | IC2: 0 | ID2: 0 | IE2: 0 | IF2: 0 | IG2: 0 | IH2: 0 | II2: 0 | IJ2: 0 | IK2: 0 | IL2: 0 | IM2: 0 | IN2: 1 | IO2: 0 | IP2: 0 | IQ2: 0 | IR2: 0 | IS2: 0 | IT2: 0 | IU2: 0 | IV2: 0 | IW2: 0 | IX2: 0 | IY2: 0 | IZ2: 0 | JA2: 0 | JB2: 0 | JC2: 2 | JD2: 0 | JE2: 0 | JF2: 2 | JG2: 0 | JH2: 0 | JI2: 0 | JJ2: 0 | JK2: 0 | JL2: 0 | JM2: 0 | JN2: 0 | JO2: 0 | JP2: 0 | JQ2: 0 | JR2: 0 | JS2: 0 | JT2: 0 | JU2: 0 | JV2: 0 | JW2: 1 | JX2: 0 | JY2: 0 | JZ2: 0 | KA2: 0 | KB2: 0 | KC2: 0 | KD2: 0 | KE2: 0 | KF2: 0 | KG2: 0 | KH2: 0 | KI2: 0 | KJ2: 0 | KK2: 0 | KL2: 0 | KM2: 0 | KN2: 0 | KO2: 0 | KP2: 0 | KQ2: 0 | KR2: 0 | KS2: 0 | KT2: 0 | KU2: 0 | KV2: 0 | KW2: 0 | KX2: 0 | KY2: 0 | KZ2: 0 | LA2: 0 | LB2: 0 | LC2: 0 | LD2: 0 | LE2: 0 | LF2: 0 | LG2: 0 | LH2: 0 | LI2: 0 | LJ2: 0 | LK2: 0 | LL2: 0 | LM2: 0 | LN2: 0 | LO2: 0 | LP2: 0 | LQ2: 0 | LR2: 0 | LS2: 0 | LT2: 0 | LU2: 0 | LV2: 0 | LW2: 1 | LX2: 0 | LY2: 0 | LZ2: 0 | MA2: 0 | MB2: 0 | MC2: 0 | MD2: 0 | ME2: 0 | MF2: 0 | MG2: 0 | MH2: 0 | MI2: 0 | MJ2: 1 | MK2: 0 | ML2: 0 | MM2: 0 | MN2: 0 | MO2: 0 | MP2: 0 | MQ2: 0 | MR2: 0 | MS2: 0 | MT2: 0 | MU2: 0 | MV2: 0 | MW2: 0 | MX2: 0 | MY2: 0 | MZ2: 0 | NA2: 0 | NB2: 0 | NC2: 0 | ND2: 0 | NE2: 0 | NF2: 0 | NG2: 0 | NH2: 2 | NI2: 0 | NJ2: 0 | NK2: 0 | NL2: 0 | NM2: 0 | NN2: 0 | NO2: 1 | NP2: 0 | NQ2: 0 | NR2: 0 | NS2: 0 | NT2: 0 | NU2: 0 | NV2: 0 | NW2: 0 | NX2: 0 | NY2: 0 | NZ2: 0 | OA2: 0 | OB2: 0 | OC2: 0 | OD2: 0 | OE2: 0 | OF2: 0 | OG2: 0 | OH2: 0 | OI2: 0 | OJ2: 0 | OK2: 0 | OL2: 0 | OM2: 0 | ON2: 0 | OO2: 0 | OP2: 0 | OQ2: 0 | OR2: 1 | OS2: 0 | OT2: 0 | OU2: 0 | OV2: 0 | OW2: 0 | OX2: 0 | OY2: 0 | OZ2: 0 | PA2: 0 | PB2: 0 | PC2: 0 | PD2: 0 | PE2: 0 | PF2: 0 | PG2: 0 | PH2: 0 | PI2: 0 | PJ2: 0 | PK2: 0 | PL2: 0 | PM2: 0 | PN2: 0 | PO2: 0 | PP2: 0 | PQ2: 0 | PR2: 0 | PS2: 0 | PT2: 0 | PU2: 0 | PV2: 0 | PW2: 0 | PX2: 0 | PY2: 0 | PZ2: 0 | QA2: 0 | QB2: 0 | QC2: 0 | QD2: 0 | QE2: 0 | QF2: 0 | QG2: 0 | QH2: 0 | QI2: 0 | QJ2: 0 | QK2: 0 | QL2: 0 | QM2: 0 | QN2: 0 | QO2: 0 | QP2: 0 | QQ2: 0 | QR2: 0 | QS2: 0 | QT2: 1 | QU2: 0 | QV2: 0 | QW2: 0 | QX2: 0 | QY2: 0 | QZ2: 0 | RA2: 0 | RB2: 0 | RC2: 0 | RD2: 0 | RE2: 0 | RF2: 0 | RG2: 0 | RH2: 1 | RI2: 0 | RJ2: 0 | RK2: 0 | RL2: 0 | RM2: 0 | RN2: 0 | RO2: 0 | RP2: 0 | RQ2: 0 | RR2: 1 | RS2: 0 | RT2: 0 | RU2: 0 | RV2: 0 | RW2: 0 | RX2: 0 | RY2: 0 | RZ2: 0 | SA2: 0 | SB2: 0 | SC2: 0 | SD2: 0 | SE2: 0 | SF2: 0 | SG2: 0 | SH2: 1 | SI2: 0 | SJ2: 0 | SK2: 0 | SL2: 0 | SM2: 0 | SN2: 0 | SO2: 0 | SP2: 0 | SQ2: 0 | SR2: 0 | SS2: 0 | ST2: 0 | SU2: 0 | SV2: 0 | SW2: 0 | SX2: 0 | SY2: 0 | SZ2: 0 | TA2: 0 | TB2: 0 | TC2: 0 | TD2: 0 | TE2: 0 | TF2: 0 | TG2: 0 | TH2: 0 | TI2: 0 | TJ2: 0 | TK2: 0 | TL2: 0 | TM2: 0 | TN2: 0 | TO2: 0 | TP2: 0 | TQ2: 0 | TR2: 0 | TS2: 0 | TT2: 0 | TU2: 0 | TV2: 0 | TW2: 0 | TX2: 0 | TY2: 0 | TZ2: 0 | UA2: 0 | UB2: 0 | UC2: 0 | UD2: 0 | UE2: 0 | UF2: 0 | UG2: 0 | UH2: 0 | UI2: 0 | UJ2: 0 | UK2: 0 | UL2: 0 | UM2: 0 | UN2: 0 | UO2: 0 | UP2: 0 | UQ2: 0 | UR2: 0 | US2: 0 | UT2: 0 | UU2: 0 | UV2: 0 | UW2: 0 | UX2: 0 | UY2: 0 | UZ2: 0 | VA2: 0 | VB2: 0 | VC2: 0 | VD2: 0 | VE2: 0 | VF2: 0 | VG2: 0 | VH2: 0 | VI2: 0 | VJ2: 0 | VK2: 0 | VL2: 0 | VM2: 1 | VN2: 0 | VO2: 0 | VP2: 0 | VQ2: 0 | VR2: 0 | VS2: 0 | VT2: 0 | VU2: 0 | VV2: 0 | VW2: 0 | VX2: 0 | VY2: 0 | VZ2: 0 | WA2: 0 | WB2: 0 | WC2: 0 | WD2: 0 | WE2: 0 | WF2: 0 | WG2: 0 | WH2: 0 | WI2: 0 | WJ2: 0 | WK2: 0 | WL2: 0 | WM2: 1 | WN2: 0 | WO2: 0 | WP2: 0 | WQ2: 0 | WR2: 0 | WS2: 0 | WT2: 0 | WU2: 0 | WV2: 0 | WW2: 0 | WX2: 0 | WY2: 0 | WZ2: 0 | XA2: 0 | XB2: 0 | XC2: 0 | XD2: 0 | XE2: 0 | XF2: 0 | XG2: 0 | XH2: 0 | XI2: 0 | XJ2: 0 | XK2: 0 | XL2: 0 | XM2: 0 | XN2: 0 | XO2: 0 | XP2: 0 | XQ2: 0 | XR2: 0 | XS2: 0 | XT2: 0 | XU2: 0 | XV2: 0 | XW2: 0 | XX2: 0 | XY2: 0 | XZ2: 0 | YA2: 0 | YB2: 0 | YC2: 0 | YD2: 0 | YE2: 0 | YF2: 0 | YG2: 0 | YH2: 0 | YI2: 0 | YJ2: 0 | YK2: 0 | YL2: 0 | YM2: 0 | YN2: 0 | YO2: 0 | YP2: 0 | YQ2: 0 | YR2: 0 | YS2: 0 | YT2: 0 | YU2: 0 | YV2: 0 | YW2: 0 | YX2: 0 | YY2: 0 | YZ2: 0 | ZA2: 0 | ZB2: 0 | ZC2: 0 | ZD2: 0 | ZE2: 0 | ZF2: 0 | ZG2: 0 | ZH2: 0 | ZI2: 0 | ZJ2: 0 | ZK2: 0 | ZL2: 0 | ZM2: 0 | ZN2: 0 | ZO2: 0 | ZP2: 0 | ZQ2: 0 | ZR2: 0 | ZS2: 0 | ZT2: 0 | ZU2: 0 | ZV2: 0 | ZW2: 0 | ZX2: 0 | ZY2: 0 | ZZ2: 0 | AAA2: 0 | AAB2: 0 | AAC2: 0 | AAD2: 0 | AAE2: 0 | AAF2: 0 | AAG2: 0 | AAH2: 0 | AAI2: 0 | AAJ2: 0 | AAK2: 0 | AAL2: 0 | AAM2: 0 | AAN2: 0 | AAO2: 0 | AAP2: 0 | AAQ2: 0 | AAR2: 0 | AAS2: 0 | AAT2: 0 | AAU2: 0 | AAV2: 0 | AAW2: 0 | AAX2: 0 | AAY2: 0 | AAZ2: 0 | ABA2: 0 | ABB2: 0 | ABC2: 0 | ABD2: 0 | ABE2: 0 | ABF2: 0 | ABG2: 0 | ABH2: 0 | ABI2: 0 | ABJ2: 1 | ABK2: 0 | ABL2: 0 | ABM2: 0 | ABN2: 0 | ABO2: 0 | ABP2: 0 | ABQ2: 0 | ABR2: 0 | ABS2: 0 | ABT2: 0 | ABU2: 0 | ABV2: 0 | ABW2: 0 | ABX2: 0 | ABY2: 0 | ABZ2: 0 | ACA2: 0 | ACB2: 0 | ACC2: 0 | ACD2: 0 | ACE2: 0 | ACF2: 0 | ACG2: 0 | ACH2: 0 | ACI2: 0 | ACJ2: 0 | ACK2: 0 | ACL2: 0 | ACM2: 0 | ACN2: 0 | ACO2: 0 | ACP2: 0 | ACQ2: 0 | ACR2: 0 | ACS2: 0 | ACT2: 0 | ACU2: 0 | ACV2: 0 | ACW2: 0 | ACX2: 0 | ACY2: 0 | ACZ2: 0 | ADA2: 0 | ADB2: 0 | ADC2: 0 | ADD2: 0 | ADE2: 0 | ADF2: 0 | ADG2: 0 | ADH2: 0 | ADI2: 0 | ADJ2: 0 | ADK2: 0 | ADL2: 0 | ADM2: 0 | ADN2: 0 | ADO2: 0 | ADP2: 0 | ADQ2: 0 | ADR2: 0 | ADS2: 0 | ADT2: 0 | ADU2: 0 | ADV2: 0 | ADW2: 0 | ADX2: 0 | ADY2: 0 | ADZ2: 0 | AEA2: 0 | AEB2: 0 | AEC2: 0 | AED2: 0 | AEE2: 0 | AEF2: 0 | AEG2: 0 | AEH2: 0 | AEI2: 0 | AEJ2: 0 | AEK2: 0 | AEL2: 0 | AEM2: 0 | AEN2: 0 | AEO2: 0 | AEP2: 0 | AEQ2: 0 | AER2: 0 | AES2: 0 | AET2: 0 | AEU2: 0 | AEV2: 0 | AEW2: 0 | AEX2: 0 | AEY2: 0 | AEZ2: 0 | AFA2: 0 | AFB2: 0 | AFC2: 1 | AFD2: 0 | AFE2: 0 | AFF2: 0 | AFG2: 0 | AFH2: 0 | AFI2: 0 | AFJ2: 0 | AFK2: 0 | AFL2: 0 | AFM2: 0 | AFN2: 0 | AFO2: 0 | AFP2: 0 | AFQ2: 0 | AFR2: 0 | AFS2: 0 | AFT2: 0 | AFU2: 0 | AFV2: 0 | AFW2: 0 | AFX2: 0 | AFY2: 0 | AFZ2: 0 | AGA2: 0 | AGB2: 0 | AGC2: 0 | AGD2: 0 | AGE2: 0 | AGF2: 0 | AGG2: 0 | AGH2: 0 | AGI2: 0 | AGJ2: 0 | AGK2: 0 | AGL2: 0 | AGM2: 0 | AGN2: 0 | AGO2: 0 | AGP2: 0 | AGQ2: 0 | AGR2: 0 | AGS2: 0 | AGT2: 0 | AGU2: 0 | AGV2: 0 | AGW2: 0 | AGX2: 0 | AGY2: 0 | AGZ2: 0 | AHA2: 0 | AHB2: 0 | AHC2: 0 | AHD2: 0 | AHE2: 0 | AHF2: 0 | AHG2: 0 | AHH2: 0 | AHI2: 0 | AHJ2: 0 | AHK2: 0 | AHL2: 0 | AHM2: 0 | AHN2: 0 | AHO2: 0 | AHP2: 0 | AHQ2: 0 | AHR2: 0 | AHS2: 0 | AHT2: 0 | AHU2: 0 | AHV2: 0 | AHW2: 0 | AHX2: 0 | AHY2: 0 | AHZ2: 0 | AIA2: 0 | AIB2: 0 | AIC2: 0 | AID2: 0 | AIE2: 0 | AIF2: 0 | AIG2: 0 | AIH2: 0 | AII2: 0 | AIJ2: 0 | AIK2: 0 | AIL2: 0 | AIM2: 0 | AIN2: 0 | AIO2: 0 | AIP2: 0 | AIQ2: 0 | AIR2: 0 | AIS2: 0 | AIT2: 0 | AIU2: 0 | AIV2: 0 | AIW2: 0 | AIX2: 0 | AIY2: 0 | AIZ2: 0 | AJA2: 0 | AJB2: 0 | AJC2: 0 | AJD2: 0 | AJE2: 0 | AJF2: 0 | AJG2: 0 | AJH2: 0 | AJI2: 0 | AJJ2: 0 | AJK2: 0 | AJL2: 0 | AJM2: 0 | AJN2: 0 | AJO2: 0 | AJP2: 0 | AJQ2: 0 | AJR2: 0 | AJS2: 0 | AJT2: 0 | AJU2: 0 | AJV2: 0 | AJW2: 0 | AJX2: 0 | AJY2: 0 | AJZ2: 0 | AKA2: 0 | AKB2: 0 | AKC2: 0 | AKD2: 0 | AKE2: 0 | AKF2: 0 | AKG2: 0 | AKH2: 0 | AKI2: 0 | AKJ2: 0 | AKK2: 0 | AKL2: 0 | AKM2: 0 | AKN2: 0 | AKO2: 0 | AKP2: 0 | AKQ2: 0 | AKR2: 0 | AKS2: 0 | AKT2: 0 | AKU2: 0 | AKV2: 0 | AKW2: 0 | AKX2: 0 | AKY2: 0 | AKZ2: 0 | ALA2: 0 | ALB2: 0 | ALC2: 0 | ALD2: 0 | ALE2: 0 | ALF2: 0 | ALG2: 0 | ALH2: 0 | ALI2: 0 | ALJ2: 0 | ALK2: 0 | ALL2: 0 | ALM2: 0 | ALN2: 0 | ALO2: 0 | ALP2: 0 | ALQ2: 0 | ALR2: 0 | ALS2: 0 | ALT2: 0 | ALU2: 0 | ALV2: 0 | ALW2: 0 | ALX2: 0 | ALY2: 0 | ALZ2: 0 | AMA2: 0 | AMB2: 0 | AMC2: 0 | AMD2: 0 | AME2: 0 | AMF2: 0 | AMG2: 0 | AMH2: 0 | AMI2: 0 | AMJ2: 0 | AMK2: 0 | AML2: 0 | AMM2: 0 | AMN2: 0 | AMO2: 0 | AMP2: 0 | AMQ2: 0 | AMR2: 0 | AMS2: 0 | AMT2: 0 | AMU2: 0 | AMV2: 0 | AMW2: 0 | AMX2: 0 | AMY2: 0 | AMZ2: 0 | ANA2: 0 | ANB2: 0 | ANC2: 0 | AND2: 0 | ANE2: 0 | ANF2: 0 | ANG2: 0 | ANH2: 0 | ANI2: 0 | ANJ2: 0 | ANK2: 0 | ANL2: 0 | ANM2: 0 | ANN2: 0 | ANO2: 0 | ANP2: 0 | ANQ2: 0 | ANR2: 0 | ANS2: 0 | ANT2: 0 | ANU2: 0 | ANV2: 0 | ANW2: 0 | ANX2: 0 | ANY2: 0 | ANZ2: 0 | AOA2: 0 | AOB2: 0 | AOC2: 0 | AOD2: 0 | AOE2: 0 | AOF2: 0 | AOG2: 0 | AOH2: 0 | AOI2: 0 | AOJ2: 0 | AOK2: 0 | AOL2: 0 | AOM2: 0 | AON2: 0 | AOO2: 0 | AOP2: 0 | AOQ2: 0 | AOR2: 0 | AOS2: 0 | AOT2: 0 | AOU2: 0 | AOV2: 0 | AOW2: 0 | AOX2: 0 | AOY2: 0 | AOZ2: 0 | APA2: 0 | APB2: 0 | APC2: 0 | APD2: 0 | APE2: 0 | APF2: 0 | APG2: 0 | APH2: 0 | API2: 0 | APJ2: 0 | APK2: 0 | APL2: 0 | APM2: 0 | APN2: 0 | APO2: 0 | APP2: 0 | APQ2: 0 | APR2: 0 | APS2: 0 | APT2: 0 | APU2: 0 | APV2: 0 | APW2: 0 | APX2: 0 | APY2: 0 | APZ2: 0 | AQA2: 0 | AQB2: 0 | AQC2: 0 | AQD2: 0 | AQE2: 0 | AQF2: 0 | AQG2: 0 | AQH2: 0 | AQI2: 0 | AQJ2: 0 | AQK2: 0 | AQL2: 0 | AQM2: 0 | AQN2: 0 | AQO2: 0 | AQP2: 0 | AQQ2: 0 | AQR2: 0 | AQS2: 0 | AQT2: 0 | AQU2: 0 | AQV2: 0 | AQW2: 0 | AQX2: 0 | AQY2: 0 | AQZ2: 0 | ARA2: 0 | ARB2: 0 | ARC2: 0 | ARD2: 0 | ARE2: 0 | ARF2: 0 | ARG2: 0 | ARH2: 0 | ARI2: 0 | ARJ2: 0 | ARK2: 0 | ARL2: 0 | ARM2: 0 | ARN2: 0 | ARO2: 0 | ARP2: 0 | ARQ2: 0 | ARR2: 0 | ARS2: 0 | ART2: 0 | ARU2: 0 | ARV2: 0 | ARW2: 0 | ARX2: 0 | ARY2: 0 | ARZ2: 0 | ASA2: 0 | ASB2: 0 | ASC2: 0 | ASD2: 0 | ASE2: 0 | ASF2: 0 | ASG2: 0 | ASH2: 0 | ASI2: 0 | ASJ2: 0 | ASK2: 0 | ASL2: 0 | ASM2: 0 | ASN2: 0 | ASO2: 0 | ASP2: 0 | ASQ2: 0 | ASR2: 0 | ASS2: 0 | AST2: 0 | ASU2: 0 | ASV2: 0 | ASW2: 0 | ASX2: 0 | ASY2: 0 | ASZ2: 0 | ATA2: 0 | ATB2: 0 | ATC2: 0 | ATD2: 0 | ATE2: 0 | ATF2: 0 | ATG2: 0 | ATH2: 0 | ATI2: 0 | ATJ2: 0 | ATK2: 0 | ATL2: 0 | ATM2: 0 | ATN2: 0 | ATO2: 0 | ATP2: 0 | ATQ2: 0 | ATR2: 0 | ATS2: 0 | ATT2: 0 | ATU2: 0 | ATV2: 0 | ATW2: 0 | ATX2: 0 | ATY2: 0 | ATZ2: 0 | AUA2: 0 | AUB2: 0 | AUC2: 0 | AUD2: 0 | AUE2: 0 | AUF2: 0 | AUG2: 0 | AUH2: 0 | AUI2: 0 | AUJ2: 0 | AUK2: 0 | AUL2: 0 | AUM2: 0 | AUN2: 0 | AUO2: 0 | AUP2: 0 | AUQ2: 0 | AUR2: 0 | AUS2: 0 | AUT2: 0 | AUU2: 0 | AUV2: 0 | AUW2: 0 | AUX2: 0 | AUY2: 0 | AUZ2: 0 | AVA2: 0 | AVB2: 0 | AVC2: 0 | AVD2: 0 | AVE2: 0 | AVF2: 0 | AVG2: 0 | AVH2: 0 | AVI2: 0 | AVJ2: 0 | AVK2: 0 | AVL2: 0 | AVM2: 0 | AVN2: 0 | AVO2: 0 | AVP2: 0 | AVQ2: 0 | AVR2: 0 | AVS2: 0 | AVT2: 0 | AVU2: 0 | AVV2: 0 | AVW2: 0 | AVX2: 0 | AVY2: 0 | AVZ2: 0 | AWA2: 0 | AWB2: 0 | AWC2: 0 | AWD2: 0 | AWE2: 0 | AWF2: 0 | AWG2: 0 | AWH2: 0 | AWI2: 0 | AWJ2: 0 | AWK2: 0 | AWL2: 0 | AWM2: 0 | AWN2: 0 | AWO2: 0 | AWP2: 0 | AWQ2: 0 | AWR2: 0 | AWS2: 0 | AWT2: 0 | AWU2: 0 | AWV2: 0 | AWW2: 0 | AWX2: 0 | AWY2: 0 | AWZ2: 0 | AXA2: 0 | AXB2: 0 | AXC2: 0 | AXD2: 0 | AXE2: 0 | AXF2: 0 | AXG2: 0 | AXH2: 0 | AXI2: 0 | AXJ2: 0 | AXK2: 0 | AXL2: 0 | AXM2: 0 | AXN2: 0 | AXO2: 0 | AXP2: 0 | AXQ2: 0 | AXR2: 0 | AXS2: 0 | AXT2: 0 | AXU2: 0 | AXV2: 0 | AXW2: 0 | AXX2: 0 | AXY2: 0 | AXZ2: 1 | AYA2: 1 | AYB2: 1 | AYC2: 1 | AYD2: 1 | AYE2: 1 | AYF2: 0 | AYG2: 0 | AYH2: 0 | AYI2: 0 | AYJ2: 0 | AYK2: 0 | AYL2: 0 | AYM2: 0 | AYN2: 0 | AYO2: 0 | AYP2: 0 | AYQ2: 0 | AYR2: 0 | AYS2: 0 | AYT2: 0 | AYU2: 0 | AYV2: 0 | AYW2: 0 | AYX2: 0 | AYY2: 0 | AYZ2: 0 | AZA2: 0 | AZB2: 0 | AZC2: 0 | AZD2: 0 | AZE2: 0 | AZF2: 0 | AZG2: 0 | AZH2: 0 | AZI2: 0 | AZJ2: 0 | AZK2: 0 | AZL2: 0 | AZM2: 0 | AZN2: 0 | AZO2: 0 | AZP2: 0 | AZQ2: 0 | AZR2: 0 | AZS2: 0 | AZT2: 0 | AZU2: 0 | AZV2: 0 | AZW2: 0 | AZX2: 0 | AZY2: 0 | AZZ2: 0 | BAA2: 0 | BAB2: 0 | BAC2: 0 | BAD2: 0 | BAE2: 0 | BAF2: 0 | BAG2: 0 | BAH2: 0 | BAI2: 0 | BAJ2: 0 | BAK2: 0 | BAL2: 0 | BAM2: 0 | BAN2: 0 | BAO2: 0 | BAP2: 0 | BAQ2: 0 | BAR2: 0 | BAS2: 0 | BAT2: 0 | BAU2: 0 | BAV2: 0 | BAW2: 0 | BAX2: 0 | BAY2: 0 | BAZ2: 0 | BBA2: 0 | BBB2: 0 | BBC2: 0 | BBD2: 0 | BBE2: 0 | BBF2: 0 | BBG2: 0 | BBH2: 0 | BBI2: 0 | BBJ2: 0 | BBK2: 0 | BBL2: 0 | BBM2: 0 | BBN2: 0 | BBO2: 0 | BBP2: 0 | BBQ2: 0 | BBR2: 0 | BBS2: 0 | BBT2: 0 | BBU2: 0 | BBV2: 0 | BBW2: 0 | BBX2: 0 | BBY2: 0 | BBZ2: 0 | BCA2: 0 | BCB2: 0 | BCC2: 0 | BCD2: 0 | BCE2: 0 | BCF2: 0 | BCG2: 0 | BCH2: 0 | BCI2: 0 | BCJ2: 0 | BCK2: 0 | BCL2: 0 | BCM2: 0 | BCN2: 0 | BCO2: 0 | BCP2: 0 | BCQ2: 0 | BCR2: 0 | BCS2: 0 | BCT2: 0 | BCU2: 0 | BCV2: 0 | BCW2: 0 | BCX2: 0 | BCY2: 0 | BCZ2: 0 | BDA2: 0 | BDB2: 0 | BDC2: 0 | BDD2: 0 | BDE2: 0 | BDF2: 0 | BDG2: 0 | BDH2: 0 | BDI2: 0 | BDJ2: 0 | BDK2: 0 | BDL2: 0 | BDM2: 0 | BDN2: 0 | BDO2: 0 | BDP2: 0 | BDQ2: 0 | BDR2: 0 | BDS2: 0 | BDT2: 0 | BDU2: 0 | BDV2: 0 | BDW2: 0 | BDX2: 0 | BDY2: 0 | BDZ2: 0 | BEA2: 0 | BEB2: 0 | BEC2: 0 | BED2: 0 | BEE2: 0 | BEF2: 0 | BEG2: 0 | BEH2: 0 | BEI2: 0 | BEJ2: 0 | BEK2: 0 | BEL2: 0 | BEM2: 0 | BEN2: 0 | BEO2: 0 | BEP2: 0 | BEQ2: 0 | BER2: 0 | BES2: 0 | BET2: 0 | BEU2: 0 | BEV2: 0 | BEW2: 0 | BEX2: 0 | BEY2: 0 | BEZ2: 0 | BFA2: 0 | BFB2: 0 | BFC2: 0 | BFD2: 0 | BFE2: 0 | BFF2: 0 | BFG2: 0 | BFH2: 0 | BFI2: 0 | BFJ2: 0 | BFK2: 0 | BFL2: 0 | BFM2: 0 | BFN2: 0 | BFO2: 0 | BFP2: 0 | BFQ2: 0 | BFR2: 0 | BFS2: 0 | BFT2: 0 | BFU2: 0 | BFV2: 0 | BFW2: 0 | BFX2: 0 | BFY2: 0 | BFZ2: 0 | BGA2: 0 | BGB2: 0 | BGC2: 0 | BGD2: 0 | BGE2: 0 | BGF2: 0 | BGG2: 0 | BGH2: 0 | BGI2: 0 | BGJ2: 0 | BGK2: 0 | BGL2: 0 | BGM2: 0 | BGN2: 0 | BGO2: 0 | BGP2: 0 | BGQ2: 0 | BGR2: 0 | BGS2: 0 | BGT2: 0 | BGU2: 0 | BGV2: 0 | BGW2: 0 | BGX2: 0 | BGY2: 0 | BGZ2: 0 | BHA2: 0 | BHB2: 0 | BHC2: 0 | BHD2: 0 | BHE2: 0 | BHF2: 0 | BHG2: 0 | BHH2: 0 | BHI2: 0 | BHJ2: 0 | BHK2: 0 | BHL2: 0 | BHM2: 0 | BHN2: 0 | BHO2: 0 | BHP2: 0 | BHQ2: 0 | BHR2: 0 | BHS2: 0 | BHT2: 0 | BHU2: 0 | BHV2: 0 | BHW2: 0 | BHX2: 0 | BHY2: 0 | BHZ2: 0 | BIA2: 0 | BIB2: 0 | BIC2: 0 | BID2: 0 | BIE2: 0 | BIF2: 0 | BIG2: 0 | BIH2: 0 | BII2: 0 | BIJ2: 0 | BIK2: 0 | BIL2: 0 | BIM2: 0 | BIN2: 0 | BIO2: 0 | BIP2: 0 | BIQ2: 0 | BIR2: 0 | BIS2: 0 | BIT2: 0 | BIU2: 0 | BIV2: 0 | BIW2: 0 | BIX2: 0 | BIY2: 0 | BIZ2: 0 | BJA2: 0 | BJB2: 0 | BJC2: 0 | BJD2: 0 | BJE2: 0 | BJF2: 0 | BJG2: 0 | BJH2: 0 | BJI2: 0 | BJJ2: 0 | BJK2: 0 | BJL2: 0 | BJM2: 0 | BJN2: 0 | BJO2: 0 | BJP2: 0 | BJQ2: 0 | BJR2: 0 | BJS2: 0 | BJT2: 0 | BJU2: 0 | BJV2: 0 | BJW2: 0 | BJX2: 0 | BJY2: 0 | BJZ2: 0 | BKA2: 0 | BKB2: 0 | BKC2: 0 | BKD2: 0 | BKE2: 0 | BKF2: 0 | BKG2: 0 | BKH2: 0 | BKI2: 0 | BKJ2: 0 | BKK2: 0 | BKL2: 0 | BKM2: 0 | BKN2: 0 | BKO2: 0 | BKP2: 0 | BKQ2: 0 | BKR2: 0 | BKS2: 0 | BKT2: 0 | BKU2: 0 | BKV2: 0 | BKW2: 0 | BKX2: 0 | BKY2: 0 | BKZ2: 0 | BLA2: 0 | BLB2: 0 | BLC2: 0 | BLD2: 0 | BLE2: 0 | BLF2: 0 | BLG2: 0 | BLH2: 0 | BLI2: 0 | BLJ2: 0 | BLK2: 0 | BLL2: 0 | BLM2: 0 | BLN2: 0 | BLO2: 0 | BLP2: 0 | BLQ2: 0 | BLR2: 0 | BLS2: 0 | BLT2: 0 | BLU2: 0 | BLV2: 0 | BLW2: 0 | BLX2: 0 | BLY2: 0 | BLZ2: 0 | BMA2: 0 | BMB2: 0 | BMC2: 0 | BMD2: 0 | BME2: 0 | BMF2: 0 | BMG2: 0 | BMH2: 0 | BMI2: 0 | BMJ2: 0 | BMK2: 0 | BML2: 0 | BMM2: 0 | BMN2: 0 | BMO2: 0 | BMP2: 0 | BMQ2: 0 | BMR2: 0 | BMS2: 0 | BMT2: 0 | BMU2: 0 | BMV2: 0 | BMW2: 0 | BMX2: 0 | BMY2: 0 | BMZ2: 0 | BNA2: 0 | BNB2: 0 | BNC2: 0 | BND2: 0 | BNE2: 0 | BNF2: 0 | BNG2: 0 | BNH2: 0 | BNI2: 0 | BNJ2: 0 | BNK2: 0 | BNL2: 0 | BNM2: 0 | BNN2: 0 | BNO2: 0 | BNP2: 0 | BNQ2: 0 | BNR2: 0 | BNS2: 0 | BNT2: 0 | BNU2: 0 | BNV2: 0 | BNW2: 0 | BNX2: 0 | BNY2: 0 | BNZ2: 0 | BOA2: 0 | BOB2: 0 | BOC2: 0 | BOD2: 0 | BOE2: 0 | BOF2: 0 | BOG2: 0 | BOH2: 0 | BOI2: 0 | BOJ2: 0 | BOK2: 0 | BOL2: 0 | BOM2: 0 | BON2: 0 | BOO2: 0 | BOP2: 0 | BOQ2: 0 | BOR2: 0 | BOS2: 0 | BOT2: 0 | BOU2: 0 | BOV2: 0 | BOW2: 0 | BOX2: 0 | BOY2: 0 | BOZ2: 0 | BPA2: 0 | BPB2: 0 | BPC2: 0 | BPD2: 0 | BPE2: 0 | BPF2: 0 | BPG2: 0 | BPH2: 0 | BPI2: 0 | BPJ2: 0 | BPK2: 0 | BPL2: 0 | BPM2: 0 | BPN2: 0 | BPO2: 0 | BPP2: 0 | BPQ2: 0 | BPR2: 0 | BPS2: 0 | BPT2: 0 | BPU2: 0 | BPV2: 0 | BPW2: 0 | BPX2: 0 | BPY2: 0 | BPZ2: 0 | BQA2: 0 | BQB2: 0 | BQC2: 0 | BQD2: 0 | BQE2: 0 | BQF2: 0 | BQG2: 0 | BQH2: 0 | BQI2: 0 | BQJ2: 0 | BQK2: 0 | BQL2: 0 | BQM2: 0 | BQN2: 0 | BQO2: 0 | BQP2: 0 | BQQ2: 0 | BQR2: 0 | BQS2: 0 | BQT2: 0 | BQU2: 0 | BQV2: 0 | BQW2: 0 | BQX2: 0 | BQY2: 0 | BQZ2: 0 | BRA2: 0 | BRB2: 0 | BRC2: 0 | BRD2: 0 | BRE2: 0 | BRF2: 0 | BRG2: 0 | BRH2: 0 | BRI2: 0 | BRJ2: 0 | BRK2: 0 | BRL2: 0 | BRM2: 0 | BRN2: 0 | BRO2: 0 | BRP2: 0 | BRQ2: 0 | BRR2: 0 | BRS2: 0 | BRT2: 0 | BRU2: 0 | BRV2: 0 | BRW2: 0 | BRX2: 0 | BRY2: 0 | BRZ2: 0 | BSA2: 0 | BSB2: 0 | BSC2: 0 | BSD2: 0 | BSE2: 0 | BSF2: 0 | BSG2: 0 | BSH2: 0 | BSI2: 0 | BSJ2: 0 | BSK2: 0 | BSL2: 0 | BSM2: 0 | BSN2: 0 | BSO2: 0 | BSP2: 0 | BSQ2: 0 | BSR2: 0 | BSS2: 0 | BST2: 0 | BSU2: 0 | BSV2: 0 | BSW2: 0 | BSX2: 0 | BSY2: 0 | BSZ2: 0 | BTA2: 0 | BTB2: 0 | BTC2: 0 | BTD2: 0 | BTE2: 0 | BTF2: 0 | BTG2: 0 | BTH2: 0 | BTI2: 0 | BTJ2: 0 | BTK2: 0 | BTL2: 0 | BTM2: 0 | BTN2: 0 | BTO2: 0 | BTP2: 0 | BTQ2: 0 | BTR2: 0 | BTS2: 0 | BTT2: 0 | BTU2: 0 | BTV2: 0 | BTW2: 0 | BTX2: 0 | BTY2: 0 | BTZ2: 0 | BUA2: 0 | BUB2: 0 | BUC2: 0 | BUD2: 0 | BUE2: 0 | BUF2: 0 | BUG2: 0 | BUH2: 0 | BUI2: 0 | BUJ2: 0 | BUK2: 0 | BUL2: 0 | BUM2: 0 | BUN2: 0 | BUO2: 0 | BUP2: 0 | BUQ2: 0 | BUR2: 0 | BUS2: 0 | BUT2: 0 | BUU2: 0 | BUV2: 0 | BUW2: 0 | BUX2: 0 | BUY2: 0 | BUZ2: 0 | BVA2: 0 | BVB2: 0 | BVC2: 0 | BVD2: 0 | BVE2: 0 | BVF2: 0 | BVG2: 0 | BVH2: 0 | BVI2: 0 | BVJ2: 0 | BVK2: 0 | BVL2: 0 | BVM2: 0 | BVN2: 0 | BVO2: 0 | BVP2: 0 | BVQ2: 0 | BVR2: 0 | BVS2: 0 | BVT2: 0 | BVU2: 0 | BVV2: 0 | BVW2: 0 | BVX2: 0 | BVY2: 0 | BVZ2: 0 | BWA2: 0 | BWB2: 0 | BWC2: 0 | BWD2: 0 | BWE2: 0 | BWF2: 0 | BWG2: 0 | BWH2: 0 | BWI2: 0 | BWJ2: 0 | BWK2: 0 | BWL2: 0 | BWM2: 0 | BWN2: 0 | BWO2: 0 | BWP2: 0 | BWQ2: 0 | BWR2: 0 | BWS2: 0 | BWT2: 0 | BWU2: 0 | BWV2: 0 | BWW2: 0 | BWX2: 0 | BWY2: 0 | BWZ2: 0 | BXA2: 0 | BXB2: 0 | BXC2: 0 | BXD2: 0 | BXE2: 0 | BXF2: 0 | BXG2: 0 | BXH2: 0 | BXI2: 0 | BXJ2: 0 | BXK2: 0 | BXL2: 0 | BXM2: 0 | BXN2: 0 | BXO2: 0 | BXP2: 0 | BXQ2: 0 | BXR2: 0 | BXS2: 0 | BXT2: 0 | BXU2: 0 | BXV2: 0 | BXW2: 0 | BXX2: 0 | BXY2: 0 | BXZ2: 0 | BYA2: 0 | BYB2: 0 | BYC2: 0 | BYD2: 0 | BYE2: 0 | BYF2: 0 | BYG2: 0 | BYH2: 0 | BYI2: 0 | BYJ2: 0 | BYK2: 0 | BYL2: 0 | BYM2: 0 | BYN2: 0 | BYO2: 0 | BYP2: 0 | BYQ2: 0 | BYR2: 0 | BYS2: 0 | BYT2: 0 | BYU2: 0 | BYV2: 0 | BYW2: 0 | BYX2: 0 | BYY2: 0 | BYZ2: 0 | BZA2: 0 | BZB2: 0 | BZC2: 0 | BZD2: 0 | BZE2: 0 | BZF2: 0 | BZG2: 0 | BZH2: 0 | BZI2: 0 | BZJ2: 0 | BZK2: 0 | BZL2: 0 | BZM2: 0 | BZN2: 0 | BZO2: 0 | BZP2: 0 | BZQ2: 0 | BZR2: 0 | BZS2: 0 | BZT2: 0 | BZU2: 0 | BZV2: 0 | BZW2: 0 | BZX2: 0 | BZY2: 0 | BZZ2: 0 | CAA2: 0 | CAB2: 0 | CAC2: 0 | CAD2: 0 | CAE2: 0 | CAF2: 0 | CAG2: 0 | CAH2: 0 | CAI2: 0 | CAJ2: 0 | CAK2: 0 | CAL2: 0 | CAM2: 0 | CAN2: 0 | CAO2: 0 | CAP2: 0 | CAQ2: 0 | CAR2: 0 | CAS2: 0 | CAT2: 0 | CAU2: 0 | CAV2: 0 | CAW2: 0 | CAX2: 0 | CAY2: 0 | CAZ2: 0 | CBA2: 0 | CBB2: 0 | CBC2: 0 | CBD2: 0 | CBE2: 0 | CBF2: 0 | CBG2: 0 | CBH2: 0 | CBI2: 0 | CBJ2: 0 | CBK2: 0 | CBL2: 0 | CBM2: 0 | CBN2: 0 | CBO2: 0 | CBP2: 0 | CBQ2: 0 | CBR2: 0 | CBS2: 0 | CBT2: 0 | CBU2: 0 | CBV2: 0 | CBW2: 0 | CBX2: 0 | CBY2: 0 | CBZ2: 0 | CCA2: 0 | CCB2: 0 | CCC2: 0 | CCD2: 0 | CCE2: 0 | CCF2: 0 | CCG2: 0 | CCH2: 0 | CCI2: 0 | CCJ2: 0 | CCK2: 0 | CCL2: 0 | CCM2: 0 | CCN2: 0 | CCO2: 0 | CCP2: 0 | CCQ2: 0 | CCR2: 0 | CCS2: 0 | CCT2: 0 | CCU2: 0 | CCV2: 0 | CCW2: 0 | CCX2: 0 | CCY2: 0 | CCZ2: 0 | CDA2: 0 | CDB2: 0 | CDC2: 0 | CDD2: 0 | CDE2: 0 | CDF2: 0 | CDG2: 0 | CDH2: 0 | CDI2: 0 | CDJ2: 0 | CDK2: 0 | CDL2: 0 | CDM2: 0 | CDN2: 0 | CDO2: 0 | CDP2: 0 | CDQ2: 0 | CDR2: 0 | CDS2: 0 | CDT2: 0 | CDU2: 0 | CDV2: 0 | CDW2: 0 | CDX2: 0 | CDY2: 0 | CDZ2: 0 | CEA2: 0 | CEB2: 0 | CEC2: 0 | CED2: 0 | CEE2: 0 | CEF2: 0 | CEG2: 0 | CEH2: 0 | CEI2: 0 | CEJ2: 0 | CEK2: 0 | CEL2: 0 | CEM2: 0 | CEN2: 0 | CEO2: 0 | CEP2: 0 | CEQ2: 0 | CER2: 0 | CES2: 0 | CET2: 0 | CEU2: 0 | CEV2: 0 | CEW2: 0 | CEX2: 0 | CEY2: 0 | CEZ2: 0 | CFA2: 0 | CFB2: 0 | CFC2: 0 | CFD2: 0 | CFE2: 0 | CFF2: 0 | CFG2: 0 | CFH2: 0 | CFI2: 0 | CFJ2: 0 | CFK2: 0 | CFL2: 0 | CFM2: 0 | CFN2: 0 | CFO2: 0 | CFP2: 0 | CFQ2: 0 | CFR2: 0 | CFS2: 0 | CFT2: 0 | CFU2: 0 | CFV2: 0 | CFW2: 0 | CFX2: 0 | CFY2: 0 | CFZ2: 0 | CGA2: 0 | CGB2: 0 | CGC2: 0 | CGD2: 0 | CGE2: 0 | CGF2: 0 | CGG2: 0 | CGH2: 0 | CGI2: 0 | CGJ2: 0 | CGK2: 0 | CGL2: 0 | CGM2: 0 | CGN2: 0 | CGO2: 0 | CGP2: 0 | CGQ2: 0 | CGR2: 0 | CGS2: 0 | CGT2: 0 | CGU2: 0 | CGV2: 0 | CGW2: 0 | CGX2: 0 | CGY2: 0 | CGZ2: 0 | CHA2: 0 | CHB2: 0 | CHC2: 0 | CHD2: 0 | CHE2: 0 | CHF2: 0 | CHG2: 0 | CHH2: 0 | CHI2: 0 | CHJ2: 0 | CHK2: 0 | CHL2: 0 | CHM2: 0 | CHN2: 0 | CHO2: 0 | CHP2: 0 | CHQ2: 0 | CHR2: 0 | CHS2: 0 | CHT2: 0 | CHU2: 0 | CHV2: 0 | CHW2: 0 | CHX2: 0 | CHY2: 0 | CHZ2: 0 | CIA2: 0 | CIB2: 0 | CIC2: 0 | CID2: 0 | CIE2: 0 | CIF2: 0 | CIG2: 0 | CIH2: 0 | CII2: 0 | CIJ2: 0 | CIK2: 0 | CIL2: 0 | CIM2: 0 | CIN2: 0 | CIO2: 0 | CIP2: 0 | CIQ2: 0 | CIR2: 0 | CIS2: 0 | CIT2: 0 | CIU2: 0 | CIV2: 0 | CIW2: 0 | CIX2: 0 | CIY2: 0 | CIZ2: 0 | CJA2: 0 | CJB2: 0 | CJC2: 0 | CJD2: 0 | CJE2: 0 | CJF2: 0 | CJG2: 0 | CJH2: 0 | CJI2: 0 | CJJ2: 0 | CJK2: 0 | CJL2: 0 | CJM2: 0 | CJN2: 0 | CJO2: 0 | CJP2: 0 | CJQ2: 0 | CJR2: 0 | CJS2: 0 | CJT2: 0 | CJU2: 0 | CJV2: 0 | CJW2: 0 | CJX2: 0 | CJY2: 0 | CJZ2: 0 | CKA2: 0 | CKB2: 0 | CKC2: 0 | CKD2: 0 | CKE2: 0 | CKF2: 0 | CKG2: 0 | CKH2: 0 | CKI2: 0 | CKJ2: 0 | CKK2: 0 | CKL2: 0 | CKM2: 0 | CKN2: 0 | CKO2: 0 | CKP2: 0 | CKQ2: 0 | CKR2: 0 | CKS2: 0 | CKT2: 0 | CKU2: 0 | CKV2: 0 | CKW2: 0 | CKX2: 0 | CKY2: 0 | CKZ2: 0 | CLA2: 0 | CLB2: 0 | CLC2: 0 | CLD2: 0 | CLE2: 0 | CLF2: 0 | CLG2: 0 | CLH2: 0 | CLI2: 0 | CLJ2: 0 | CLK2: 0 | CLL2: 0 | CLM2: 0 | CLN2: 0 | CLO2: 0 | CLP2: 0 | CLQ2: 0 | CLR2: 0 | CLS2: 0 | CLT2: 0 | CLU2: 0 | CLV2: 0 | CLW2: 0 | CLX2: 0 | CLY2: 0 | CLZ2: 0 | CMA2: 0 | CMB2: 0 | CMC2: 0 | CMD2: 0 | CME2: 0 | CMF2: 0 | CMG2: 0 | CMH2: 0 | CMI2: 0 | CMJ2: 0 | CMK2: 0 | CML2: 0 | CMM2: 0 | CMN2: 0 | CMO2: 0 | CMP2: 0 | CMQ2: 0 | CMR2: 0 | CMS2: 0 | CMT2: 0 | CMU2: 0 | CMV2: 0 | CMW2: 0 | CMX2: 0 | CMY2: 0 | CMZ2: 0 | CNA2: 0 | CNB2: 0 | CNC2: 0 | CND2: 0 | CNE2: 0 | CNF2: 0 | CNG2: 0 | CNH2: 0 | CNI2: 0 | CNJ2: 0 | CNK2: 0 | CNL2: 0 | CNM2: 0 | CNN2: 0 | CNO2: 0 | CNP2: 0 | CNQ2: 0 | CNR2: 0 | CNS2: 0 | CNT2: 0 | CNU2: 0 | CNV2: 0 | CNW2: 0 | CNX2: 0 | CNY2: 0 | CNZ2: 0 | COA2: 0 | COB2: 0 | COC2: 0 | COD2: 0 | COE2: 0 | COF2: 0 | COG2: 0 | COH2: 0 | COI2: 0 | COJ2: 0 | COK2: 0 | COL2: 0 | COM2: 0 | CON2: 0 | COO2: 0 | COP2: 0 | COQ2: 0 | COR2: 0 | COS2: 0 | COT2: 0 | COU2: 0 | COV2: 0 | COW2: 0 | COX2: 0 | COY2: 0 | COZ2: 0 | CPA2: 0 | CPB2: 0 | CPC2: 0 | CPD2: 0 | CPE2: 0 | CPF2: 0 | CPG2: 0 | CPH2: 0 | CPI2: 0 | CPJ2: 0 | CPK2: 0 | CPL2: 0 | CPM2: 0 | CPN2: 0 | CPO2: 0 | CPP2: 0 | CPQ2: 0 | CPR2: 0 | CPS2: 0 | CPT2: 0 | CPU2: 0 | CPV2: 0 | CPW2: 0 | CPX2: 0 | CPY2: 0 | CPZ2: 0 | CQA2: 0 | CQB2: 0 | CQC2: 0 | CQD2: 0 | CQE2: 0 | CQF2: 0 | CQG2: 0 | CQH2: 0 | CQI2: 0 | CQJ2: 0 | CQK2: 0 | CQL2: 0 | CQM2: 0 | CQN2: 0 | CQO2: 0 | CQP2: 0 | CQQ2: 0 | CQR2: 0 | CQS2: 0 | CQT2: 0 | CQU2: 0 | CQV2: 0 | CQW2: 0 | CQX2: 0 | CQY2: 0 | CQZ2: 0 | CRA2: 0 | CRB2: 0 | CRC2: 0 | CRD2: 0 | CRE2: 0 | CRF2: 0 | CRG2: 0 | CRH2: 0 | CRI2: 0 | CRJ2: 0 | CRK2: 0 | CRL2: 0 | CRM2: 0 | CRN2: 0 | CRO2: 0 | CRP2: 0 | CRQ2: 0 | CRR2: 0 | CRS2: 0 | CRT2: 0 | CRU2: 0 | CRV2: 0 | CRW2: 0 | CRX2: 0 | CRY2: 0 | CRZ2: 0 | CSA2: 0 | CSB2: 0 | CSC2: 0 | CSD2: 0 | CSE2: 0 | CSF2: 0 | CSG2: 0 | CSH2: 0 | CSI2: 0 | CSJ2: 0 | CSK2: 0 | CSL2: 0 | CSM2: 0 | CSN2: 0 | CSO2: 0 | CSP2: 0 | CSQ2: 0 | CSR2: 0 | CSS2: 0 | CST2: 0 | CSU2: 0 | CSV2: 0 | CSW2: 0 | CSX2: 0 | CSY2: 0 | CSZ2: 0 | CTA2: 0 | CTB2: 0 | CTC2: 0 | CTD2: 0 | CTE2: 0
A3: sample_3_DIP | B3: 2697 | C3: 441 | D3: 711 | E3: 559 | F3: 198 | G3: 229 | H3: 49 | I3: 266 | J3: 57 | K3: 0 | L3: 115 | M3: 6 | N3: 144 | O3: 377 | P3: 23 | Q3: 19 | R3: 0 | S3: 276 | T3: 20 | U3: 612 | V3: 0 | W3: 94 | X3: 5 | Y3: 0 | Z3: 155 | AA3: 0 | AB3: 2 | AC3: 53 | AD3: 16 | AE3: 53 | AF3: 38 | AG3: 0 | AH3: 9 | AI3: 1 | AJ3: 0 | AK3: 93 | AL3: 45 | AM3: 4 | AN3: 12 | AO3: 5 | AP3: 24 | AQ3: 77 | AR3: 1 | AS3: 91 | AT3: 0 | AU3: 1 | AV3: 0 | AW3: 2 | AX3: 39 | AY3: 0 | AZ3: 49 | BA3: 21 | BB3: 0 | BC3: 7 | BD3: 15 | BE3: 18 | BF3: 20 | BG3: 1 | BH3: 0 | BI3: 0 | BJ3: 8 | BK3: 0 | BL3: 0 | BM3: 9 | BN3: 21 | BO3: 0 | BP3: 0 | BQ3: 13 | BR3: 9 | BS3: 0 | BT3: 10 | BU3: 8 | BV3: 7 | BW3: 2 | BX3: 1 | BY3: 6 | BZ3: 2 | CA3: 10 | CB3: 0 | CC3: 7 | CD3: 8 | CE3: 10 | CF3: 7 | CG3: 0 | CH3: 1 | CI3: 4 | CJ3: 9 | CK3: 2 | CL3: 7 | CM3: 5 | CN3: 3 | CO3: 0 | CP3: 8 | CQ3: 2 | CR3: 9 | CS3: 9 | CT3: 9 | CU3: 7 | CV3: 0 | CW3: 0 | CX3: 2 | CY3: 3 | CZ3: 2 | DA3: 7 | DB3: 4 | DC3: 6 | DD3: 7 | DE3: 5 | DF3: 8 | DG3: 8 | DH3: 1 | DI3: 1 | DJ3: 3 | DK3: 2 | DL3: 2 | DM3: 5 | DN3: 1 | DO3: 0 | DP3: 2 | DQ3: 0 | DR3: 2 | DS3: 0 | DT3: 2 | DU3: 4 | DV3: 6 | DW3: 1 | DX3: 0 | DY3: 0 | DZ3: 5 | EA3: 3 | EB3: 7 | EC3: 0 | ED3: 3 | EE3: 3 | EF3: 0 | EG3: 2 | EH3: 7 | EI3: 0 | EJ3: 0 | EK3: 8 | EL3: 2 | EM3: 1 | EN3: 0 | EO3: 1 | EP3: 0 | EQ3: 1 | ER3: 0 | ES3: 3 | ET3: 1 | EU3: 1 | EV3: 2 | EW3: 1 | EX3: 6 | EY3: 1 | EZ3: 0 | FA3: 0 | FB3: 3 | FC3: 0 | FD3: 0 | FE3: 1 | FF3: 0 | FG3: 0 | FH3: 0 | FI3: 2 | FJ3: 2 | FK3: 0 | FL3: 0 | FM3: 2 | FN3: 1 | FO3: 1 | FP3: 0 | FQ3: 0 | FR3: 0 | FS3: 1 | FT3: 0 | FU3: 1 | FV3: 1 | FW3: 0 | FX3: 0 | FY3: 4 | FZ3: 0 | GA3: 3 | GB3: 4 | GC3: 4 | GD3: 0 | GE3: 0 | GF3: 4 | GG3: 0 | GH3: 1 | GI3: 0 | GJ3: 0 | GK3: 0 | GL3: 0 | GM3: 0 | GN3: 2 | GO3: 0 | GP3: 0 | GQ3: 2 | GR3: 0 | GS3: 0 | GT3: 1 | GU3: 0 | GV3: 0 | GW3: 0 | GX3: 0 | GY3: 0 | GZ3: 0 | HA3: 0 | HB3: 0 | HC3: 1 | HD3: 1 | HE3: 1 | HF3: 0 | HG3: 0 | HH3: 0 | HI3: 1 | HJ3: 0 | HK3: 0 | HL3: 1 | HM3: 1 | HN3: 0 | HO3: 0 | HP3: 0 | HQ3: 0 | HR3: 0 | HS3: 0 | HT3: 1 | HU3: 1 | HV3: 0 | HW3: 0 | HX3: 1 | HY3: 0 | HZ3: 0 | IA3: 0 | IB3: 0 | IC3: 0 | ID3: 0 | IE3: 1 | IF3: 0 | IG3: 0 | IH3: 4 | II3: 0 | IJ3: 2 | IK3: 0 | IL3: 2 | IM3: 0 | IN3: 0 | IO3: 0 | IP3: 0 | IQ3: 0 | IR3: 0 | IS3: 0 | IT3: 1 | IU3: 0 | IV3: 0 | IW3: 0 | IX3: 0 | IY3: 0 | IZ3: 0 | JA3: 0 | JB3: 2 | JC3: 0 | JD3: 0 | JE3: 0 | JF3: 0 | JG3: 0 | JH3: 0 | JI3: 0 | JJ3: 0 | JK3: 0 | JL3: 1 | JM3: 0 | JN3: 0 | JO3: 0 | JP3: 0 | JQ3: 0 | JR3: 0 | JS3: 0 | JT3: 1 | JU3: 0 | JV3: 1 | JW3: 0 | JX3: 0 | JY3: 0 | JZ3: 0 | KA3: 0 | KB3: 0 | KC3: 0 | KD3: 0 | KE3: 0 | KF3: 0 | KG3: 0 | KH3: 0 | KI3: 0 | KJ3: 0 | KK3: 0 | KL3: 0 | KM3: 0 | KN3: 0 | KO3: 1 | KP3: 0 | KQ3: 0 | KR3: 0 | KS3: 0 | KT3: 0 | KU3: 0 | KV3: 0 | KW3: 0 | KX3: 0 | KY3: 0 | KZ3: 0 | LA3: 0 | LB3: 0 | LC3: 0 | LD3: 0 | LE3: 0 | LF3: 0 | LG3: 0 | LH3: 0 | LI3: 0 | LJ3: 0 | LK3: 0 | LL3: 0 | LM3: 0 | LN3: 3 | LO3: 0 | LP3: 0 | LQ3: 0 | LR3: 0 | LS3: 0 | LT3: 0 | LU3: 0 | LV3: 0 | LW3: 0 | LX3: 0 | LY3: 0 | LZ3: 0 | MA3: 0 | MB3: 0 | MC3: 0 | MD3: 0 | ME3: 0 | MF3: 0 | MG3: 0 | MH3: 0 | MI3: 0 | MJ3: 0 | MK3: 0 | ML3: 0 | MM3: 0 | MN3: 0 | MO3: 0 | MP3: 0 | MQ3: 3 | MR3: 0 | MS3: 0 | MT3: 0 | MU3: 0 | MV3: 0 | MW3: 0 | MX3: 0 | MY3: 1 | MZ3: 0 | NA3: 0 | NB3: 0 | NC3: 0 | ND3: 0 | NE3: 0 | NF3: 0 | NG3: 1 | NH3: 0 | NI3: 0 | NJ3: 0 | NK3: 0 | NL3: 0 | NM3: 0 | NN3: 0 | NO3: 0 | NP3: 0 | NQ3: 0 | NR3: 0 | NS3: 1 | NT3: 0 | NU3: 0 | NV3: 0 | NW3: 0 | NX3: 0 | NY3: 1 | NZ3: 0 | OA3: 0 | OB3: 0 | OC3: 0 | OD3: 0 | OE3: 0 | OF3: 0 | OG3: 0 | OH3: 0 | OI3: 0 | OJ3: 0 | OK3: 0 | OL3: 1 | OM3: 0 | ON3: 0 | OO3: 0 | OP3: 0 | OQ3: 0 | OR3: 0 | OS3: 0 | OT3: 0 | OU3: 0 | OV3: 0 | OW3: 0 | OX3: 0 | OY3: 1 | OZ3: 0 | PA3: 0 | PB3: 0 | PC3: 0 | PD3: 0 | PE3: 0 | PF3: 0 | PG3: 0 | PH3: 0 | PI3: 0 | PJ3: 0 | PK3: 0 | PL3: 0 | PM3: 0 | PN3: 0 | PO3: 0 | PP3: 0 | PQ3: 0 | PR3: 1 | PS3: 0 | PT3: 0 | PU3: 0 | PV3: 0 | PW3: 0 | PX3: 0 | PY3: 0 | PZ3: 0 | QA3: 0 | QB3: 0 | QC3: 0 | QD3: 0 | QE3: 0 | QF3: 0 | QG3: 0 | QH3: 0 | QI3: 0 | QJ3: 0 | QK3: 0 | QL3: 0 | QM3: 0 | QN3: 0 | QO3: 0 | QP3: 0 | QQ3: 0 | QR3: 0 | QS3: 0 | QT3: 0 | QU3: 0 | QV3: 0 | QW3: 0 | QX3: 0 | QY3: 0 | QZ3: 0 | RA3: 0 | RB3: 0 | RC3: 0 | RD3: 0 | RE3: 0 | RF3: 0 | RG3: 0 | RH3: 0 | RI3: 0 | RJ3: 0 | RK3: 0 | RL3: 0 | RM3: 0 | RN3: 0 | RO3: 0 | RP3: 0 | RQ3: 0 | RR3: 0 | RS3: 0 | RT3: 0 | RU3: 0 | RV3: 0 | RW3: 0 | RX3: 0 | RY3: 0 | RZ3: 0 | SA3: 0 | SB3: 0 | SC3: 0 | SD3: 0 | SE3: 0 | SF3: 0 | SG3: 0 | SH3: 0 | SI3: 0 | SJ3: 0 | SK3: 0 | SL3: 0 | SM3: 0 | SN3: 0 | SO3: 0 | SP3: 0 | SQ3: 0 | SR3: 0 | SS3: 0 | ST3: 0 | SU3: 0 | SV3: 0 | SW3: 0 | SX3: 0 | SY3: 0 | SZ3: 0 | TA3: 0 | TB3: 0 | TC3: 0 | TD3: 1 | TE3: 0 | TF3: 0 | TG3: 0 | TH3: 0 | TI3: 0 | TJ3: 0 | TK3: 0 | TL3: 0 | TM3: 0 | TN3: 0 | TO3: 0 | TP3: 0 | TQ3: 0 | TR3: 1 | TS3: 0 | TT3: 1 | TU3: 0 | TV3: 0 | TW3: 0 | TX3: 0 | TY3: 0 | TZ3: 0 | UA3: 0 | UB3: 0 | UC3: 0 | UD3: 0 | UE3: 0 | UF3: 0 | UG3: 0 | UH3: 0 | UI3: 0 | UJ3: 0 | UK3: 0 | UL3: 0 | UM3: 0 | UN3: 0 | UO3: 0 | UP3: 0 | UQ3: 0 | UR3: 0 | US3: 0 | UT3: 0 | UU3: 0 | UV3: 0 | UW3: 0 | UX3: 0 | UY3: 0 | UZ3: 0 | VA3: 0 | VB3: 0 | VC3: 0 | VD3: 0 | VE3: 0 | VF3: 0 | VG3: 0 | VH3: 0 | VI3: 0 | VJ3: 0 | VK3: 0 | VL3: 0 | VM3: 0 | VN3: 0 | VO3: 0 | VP3: 0 | VQ3: 0 | VR3: 0 | VS3: 0 | VT3: 0 | VU3: 0 | VV3: 0 | VW3: 0 | VX3: 0 | VY3: 0 | VZ3: 0 | WA3: 0 | WB3: 0 | WC3: 0 | WD3: 0 | WE3: 0 | WF3: 0 | WG3: 0 | WH3: 0 | WI3: 0 | WJ3: 0 | WK3: 0 | WL3: 0 | WM3: 0 | WN3: 0 | WO3: 0 | WP3: 0 | WQ3: 0 | WR3: 0 | WS3: 0 | WT3: 0 | WU3: 0 | WV3: 0 | WW3: 0 | WX3: 0 | WY3: 0 | WZ3: 0 | XA3: 0 | XB3: 0 | XC3: 0 | XD3: 0 | XE3: 0 | XF3: 0 | XG3: 0 | XH3: 0 | XI3: 0 | XJ3: 0 | XK3: 0 | XL3: 0 | XM3: 0 | XN3: 0 | XO3: 0 | XP3: 0 | XQ3: 0 | XR3: 0 | XS3: 0 | XT3: 0 | XU3: 0 | XV3: 0 | XW3: 0 | XX3: 0 | XY3: 0 | XZ3: 0 | YA3: 0 | YB3: 0 | YC3: 0 | YD3: 0 | YE3: 0 | YF3: 0 | YG3: 0 | YH3: 0 | YI3: 0 | YJ3: 0 | YK3: 0 | YL3: 0 | YM3: 0 | YN3: 0 | YO3: 0 | YP3: 0 | YQ3: 0 | YR3: 0 | YS3: 0 | YT3: 0 | YU3: 0 | YV3: 0 | YW3: 0 | YX3: 0 | YY3: 0 | YZ3: 0 | ZA3: 0 | ZB3: 0 | ZC3: 0 | ZD3: 0 | ZE3: 0 | ZF3: 0 | ZG3: 0 | ZH3: 0 | ZI3: 0 | ZJ3: 0 | ZK3: 0 | ZL3: 0 | ZM3: 0 | ZN3: 0 | ZO3: 0 | ZP3: 0 | ZQ3: 0 | ZR3: 0 | ZS3: 0 | ZT3: 0 | ZU3: 0 | ZV3: 0 | ZW3: 0 | ZX3: 0 | ZY3: 0 | ZZ3: 0 | AAA3: 0 | AAB3: 0 | AAC3: 0 | AAD3: 0 | AAE3: 0 | AAF3: 0 | AAG3: 0 | AAH3: 0 | AAI3: 0 | AAJ3: 0 | AAK3: 0 | AAL3: 0 | AAM3: 0 | AAN3: 0 | AAO3: 0 | AAP3: 0 | AAQ3: 0 | AAR3: 0 | AAS3: 0 | AAT3: 0 | AAU3: 0 | AAV3: 0 | AAW3: 0 | AAX3: 0 | AAY3: 0 | AAZ3: 0 | ABA3: 0 | ABB3: 0 | ABC3: 0 | ABD3: 0 | ABE3: 0 | ABF3: 0 | ABG3: 0 | ABH3: 0 | ABI3: 0 | ABJ3: 0 | ABK3: 0 | ABL3: 0 | ABM3: 0 | ABN3: 0 | ABO3: 0 | ABP3: 0 | ABQ3: 0 | ABR3: 0 | ABS3: 0 | ABT3: 0 | ABU3: 0 | ABV3: 0 | ABW3: 0 | ABX3: 0 | ABY3: 0 | ABZ3: 0 | ACA3: 0 | ACB3: 0 | ACC3: 0 | ACD3: 0 | ACE3: 0 | ACF3: 0 | ACG3: 0 | ACH3: 0 | ACI3: 0 | ACJ3: 0 | ACK3: 0 | ACL3: 0 | ACM3: 0 | ACN3: 0 | ACO3: 0 | ACP3: 0 | ACQ3: 0 | ACR3: 0 | ACS3: 0 | ACT3: 0 | ACU3: 0 | ACV3: 0 | ACW3: 0 | ACX3: 1 | ACY3: 0 | ACZ3: 0 | ADA3: 0 | ADB3: 0 | ADC3: 0 | ADD3: 0 | ADE3: 0 | ADF3: 0 | ADG3: 0 | ADH3: 0 | ADI3: 0 | ADJ3: 0 | ADK3: 0 | ADL3: 0 | ADM3: 0 | ADN3: 0 | ADO3: 0 | ADP3: 0 | ADQ3: 0 | ADR3: 0 | ADS3: 0 | ADT3: 0 | ADU3: 0 | ADV3: 0 | ADW3: 0 | ADX3: 0 | ADY3: 0 | ADZ3: 0 | AEA3: 0 | AEB3: 0 | AEC3: 0 | AED3: 0 | AEE3: 0 | AEF3: 0 | AEG3: 0 | AEH3: 0 | AEI3: 0 | AEJ3: 0 | AEK3: 0 | AEL3: 0 | AEM3: 0 | AEN3: 0 | AEO3: 0 | AEP3: 0 | AEQ3: 0 | AER3: 0 | AES3: 0 | AET3: 0 | AEU3: 0 | AEV3: 0 | AEW3: 0 | AEX3: 0 | AEY3: 0 | AEZ3: 0 | AFA3: 0 | AFB3: 0 | AFC3: 0 | AFD3: 0 | AFE3: 0 | AFF3: 0 | AFG3: 0 | AFH3: 0 | AFI3: 0 | AFJ3: 0 | AFK3: 0 | AFL3: 0 | AFM3: 0 | AFN3: 0 | AFO3: 0 | AFP3: 0 | AFQ3: 0 | AFR3: 0 | AFS3: 0 | AFT3: 0 | AFU3: 0 | AFV3: 0 | AFW3: 0 | AFX3: 0 | AFY3: 0 | AFZ3: 0 | AGA3: 0 | AGB3: 0 | AGC3: 0 | AGD3: 0 | AGE3: 0 | AGF3: 0 | AGG3: 0 | AGH3: 0 | AGI3: 0 | AGJ3: 0 | AGK3: 0 | AGL3: 0 | AGM3: 0 | AGN3: 0 | AGO3: 0 | AGP3: 0 | AGQ3: 0 | AGR3: 0 | AGS3: 0 | AGT3: 0 | AGU3: 0 | AGV3: 0 | AGW3: 0 | AGX3: 0 | AGY3: 0 | AGZ3: 0 | AHA3: 0 | AHB3: 0 | AHC3: 0 | AHD3: 0 | AHE3: 0 | AHF3: 0 | AHG3: 0 | AHH3: 0 | AHI3: 0 | AHJ3: 0 | AHK3: 0 | AHL3: 0 | AHM3: 0 | AHN3: 0 | AHO3: 0 | AHP3: 0 | AHQ3: 0 | AHR3: 0 | AHS3: 0 | AHT3: 0 | AHU3: 0 | AHV3: 0 | AHW3: 0 | AHX3: 0 | AHY3: 0 | AHZ3: 0 | AIA3: 0 | AIB3: 0 | AIC3: 0 | AID3: 0 | AIE3: 0 | AIF3: 0 | AIG3: 0 | AIH3: 0 | AII3: 0 | AIJ3: 0 | AIK3: 0 | AIL3: 0 | AIM3: 0 | AIN3: 0 | AIO3: 0 | AIP3: 0 | AIQ3: 0 | AIR3: 0 | AIS3: 0 | AIT3: 0 | AIU3: 0 | AIV3: 0 | AIW3: 0 | AIX3: 0 | AIY3: 0 | AIZ3: 0 | AJA3: 0 | AJB3: 0 | AJC3: 0 | AJD3: 0 | AJE3: 0 | AJF3: 0 | AJG3: 0 | AJH3: 0 | AJI3: 0 | AJJ3: 0 | AJK3: 0 | AJL3: 0 | AJM3: 0 | AJN3: 0 | AJO3: 0 | AJP3: 0 | AJQ3: 0 | AJR3: 0 | AJS3: 0 | AJT3: 0 | AJU3: 0 | AJV3: 0 | AJW3: 0 | AJX3: 0 | AJY3: 0 | AJZ3: 0 | AKA3: 0 | AKB3: 0 | AKC3: 0 | AKD3: 0 | AKE3: 0 | AKF3: 0 | AKG3: 0 | AKH3: 0 | AKI3: 0 | AKJ3: 0 | AKK3: 0 | AKL3: 0 | AKM3: 0 | AKN3: 0 | AKO3: 0 | AKP3: 0 | AKQ3: 0 | AKR3: 0 | AKS3: 0 | AKT3: 0 | AKU3: 0 | AKV3: 0 | AKW3: 0 | AKX3: 0 | AKY3: 0 | AKZ3: 0 | ALA3: 0 | ALB3: 0 | ALC3: 0 | ALD3: 0 | ALE3: 0 | ALF3: 0 | ALG3: 0 | ALH3: 0 | ALI3: 0 | ALJ3: 0 | ALK3: 0 | ALL3: 0 | ALM3: 0 | ALN3: 0 | ALO3: 0 | ALP3: 0 | ALQ3: 0 | ALR3: 0 | ALS3: 0 | ALT3: 0 | ALU3: 0 | ALV3: 0 | ALW3: 0 | ALX3: 0 | ALY3: 0 | ALZ3: 0 | AMA3: 0 | AMB3: 0 | AMC3: 0 | AMD3: 0 | AME3: 0 | AMF3: 0 | AMG3: 0 | AMH3: 0 | AMI3: 0 | AMJ3: 0 | AMK3: 0 | AML3: 0 | AMM3: 0 | AMN3: 0 | AMO3: 0 | AMP3: 0 | AMQ3: 0 | AMR3: 0 | AMS3: 0 | AMT3: 0 | AMU3: 0 | AMV3: 0 | AMW3: 0 | AMX3: 0 | AMY3: 0 | AMZ3: 0 | ANA3: 0 | ANB3: 0 | ANC3: 0 | AND3: 0 | ANE3: 0 | ANF3: 0 | ANG3: 0 | ANH3: 0 | ANI3: 0 | ANJ3: 0 | ANK3: 0 | ANL3: 0 | ANM3: 0 | ANN3: 0 | ANO3: 0 | ANP3: 0 | ANQ3: 0 | ANR3: 0 | ANS3: 0 | ANT3: 0 | ANU3: 0 | ANV3: 0 | ANW3: 0 | ANX3: 0 | ANY3: 0 | ANZ3: 0 | AOA3: 0 | AOB3: 0 | AOC3: 0 | AOD3: 0 | AOE3: 0 | AOF3: 0 | AOG3: 0 | AOH3: 0 | AOI3: 0 | AOJ3: 0 | AOK3: 0 | AOL3: 0 | AOM3: 0 | AON3: 0 | AOO3: 0 | AOP3: 0 | AOQ3: 0 | AOR3: 0 | AOS3: 0 | AOT3: 0 | AOU3: 0 | AOV3: 0 | AOW3: 0 | AOX3: 0 | AOY3: 0 | AOZ3: 0 | APA3: 0 | APB3: 0 | APC3: 0 | APD3: 0 | APE3: 0 | APF3: 0 | APG3: 0 | APH3: 0 | API3: 0 | APJ3: 0 | APK3: 0 | APL3: 0 | APM3: 0 | APN3: 0 | APO3: 0 | APP3: 0 | APQ3: 0 | APR3: 0 | APS3: 0 | APT3: 0 | APU3: 0 | APV3: 0 | APW3: 0 | APX3: 0 | APY3: 0 | APZ3: 0 | AQA3: 0 | AQB3: 0 | AQC3: 0 | AQD3: 0 | AQE3: 0 | AQF3: 0 | AQG3: 0 | AQH3: 0 | AQI3: 0 | AQJ3: 0 | AQK3: 0 | AQL3: 0 | AQM3: 0 | AQN3: 0 | AQO3: 0 | AQP3: 0 | AQQ3: 0 | AQR3: 0 | AQS3: 0 | AQT3: 0 | AQU3: 0 | AQV3: 0 | AQW3: 0 | AQX3: 0 | AQY3: 0 | AQZ3: 0 | ARA3: 0 | ARB3: 0 | ARC3: 0 | ARD3: 0 | ARE3: 0 | ARF3: 0 | ARG3: 0 | ARH3: 0 | ARI3: 0 | ARJ3: 0 | ARK3: 0 | ARL3: 0 | ARM3: 0 | ARN3: 0 | ARO3: 0 | ARP3: 0 | ARQ3: 0 | ARR3: 0 | ARS3: 0 | ART3: 0 | ARU3: 0 | ARV3: 0 | ARW3: 0 | ARX3: 0 | ARY3: 0 | ARZ3: 0 | ASA3: 0 | ASB3: 0 | ASC3: 0 | ASD3: 0 | ASE3: 0 | ASF3: 0 | ASG3: 0 | ASH3: 0 | ASI3: 0 | ASJ3: 0 | ASK3: 0 | ASL3: 0 | ASM3: 0 | ASN3: 0 | ASO3: 0 | ASP3: 0 | ASQ3: 0 | ASR3: 0 | ASS3: 0 | AST3: 0 | ASU3: 0 | ASV3: 0 | ASW3: 0 | ASX3: 0 | ASY3: 0 | ASZ3: 0 | ATA3: 0 | ATB3: 0 | ATC3: 0 | ATD3: 0 | ATE3: 0 | ATF3: 0 | ATG3: 0 | ATH3: 0 | ATI3: 0 | ATJ3: 0 | ATK3: 0 | ATL3: 0 | ATM3: 0 | ATN3: 0 | ATO3: 0 | ATP3: 0 | ATQ3: 0 | ATR3: 0 | ATS3: 0 | ATT3: 0 | ATU3: 0 | ATV3: 0 | ATW3: 0 | ATX3: 0 | ATY3: 0 | ATZ3: 0 | AUA3: 0 | AUB3: 0 | AUC3: 0 | AUD3: 0 | AUE3: 0 | AUF3: 0 | AUG3: 0 | AUH3: 0 | AUI3: 0 | AUJ3: 0 | AUK3: 0 | AUL3: 0 | AUM3: 0 | AUN3: 0 | AUO3: 0 | AUP3: 0 | AUQ3: 0 | AUR3: 0 | AUS3: 0 | AUT3: 0 | AUU3: 0 | AUV3: 0 | AUW3: 0 | AUX3: 0 | AUY3: 0 | AUZ3: 0 | AVA3: 0 | AVB3: 0 | AVC3: 0 | AVD3: 0 | AVE3: 0 | AVF3: 0 | AVG3: 0 | AVH3: 0 | AVI3: 0 | AVJ3: 0 | AVK3: 0 | AVL3: 0 | AVM3: 0 | AVN3: 0 | AVO3: 0 | AVP3: 0 | AVQ3: 0 | AVR3: 0 | AVS3: 0 | AVT3: 0 | AVU3: 0 | AVV3: 0 | AVW3: 0 | AVX3: 0 | AVY3: 0 | AVZ3: 0 | AWA3: 0 | AWB3: 0 | AWC3: 0 | AWD3: 0 | AWE3: 0 | AWF3: 0 | AWG3: 0 | AWH3: 0 | AWI3: 0 | AWJ3: 0 | AWK3: 0 | AWL3: 0 | AWM3: 0 | AWN3: 0 | AWO3: 0 | AWP3: 0 | AWQ3: 0 | AWR3: 0 | AWS3: 0 | AWT3: 0 | AWU3: 0 | AWV3: 0 | AWW3: 0 | AWX3: 0 | AWY3: 0 | AWZ3: 0 | AXA3: 0 | AXB3: 0 | AXC3: 0 | AXD3: 0 | AXE3: 0 | AXF3: 0 | AXG3: 0 | AXH3: 0 | AXI3: 0 | AXJ3: 0 | AXK3: 0 | AXL3: 0 | AXM3: 0 | AXN3: 0 | AXO3: 0 | AXP3: 0 | AXQ3: 0 | AXR3: 0 | AXS3: 0 | AXT3: 0 | AXU3: 0 | AXV3: 0 | AXW3: 0 | AXX3: 0 | AXY3: 0 | AXZ3: 0 | AYA3: 0 | AYB3: 0 | AYC3: 0 | AYD3: 0 | AYE3: 0 | AYF3: 1 | AYG3: 1 | AYH3: 1 | AYI3: 1 | AYJ3: 0 | AYK3: 0 | AYL3: 0 | AYM3: 0 | AYN3: 0 | AYO3: 0 | AYP3: 0 | AYQ3: 0 | AYR3: 0 | AYS3: 0 | AYT3: 0 | AYU3: 0 | AYV3: 0 | AYW3: 0 | AYX3: 0 | AYY3: 0 | AYZ3: 0 | AZA3: 0 | AZB3: 0 | AZC3: 0 | AZD3: 0 | AZE3: 0 | AZF3: 0 | AZG3: 0 | AZH3: 0 | AZI3: 0 | AZJ3: 0 | AZK3: 0 | AZL3: 0 | AZM3: 0 | AZN3: 0 | AZO3: 0 | AZP3: 0 | AZQ3: 0 | AZR3: 0 | AZS3: 0 | AZT3: 0 | AZU3: 0 | AZV3: 0 | AZW3: 0 | AZX3: 0 | AZY3: 0 | AZZ3: 0 | BAA3: 0 | BAB3: 0 | BAC3: 0 | BAD3: 0 | BAE3: 0 | BAF3: 0 | BAG3: 0 | BAH3: 0 | BAI3: 0 | BAJ3: 0 | BAK3: 0 | BAL3: 0 | BAM3: 0 | BAN3: 0 | BAO3: 0 | BAP3: 0 | BAQ3: 0 | BAR3: 0 | BAS3: 0 | BAT3: 0 | BAU3: 0 | BAV3: 0 | BAW3: 0 | BAX3: 0 | BAY3: 0 | BAZ3: 0 | BBA3: 0 | BBB3: 0 | BBC3: 0 | BBD3: 0 | BBE3: 0 | BBF3: 0 | BBG3: 0 | BBH3: 0 | BBI3: 0 | BBJ3: 0 | BBK3: 0 | BBL3: 0 | BBM3: 0 | BBN3: 0 | BBO3: 0 | BBP3: 0 | BBQ3: 0 | BBR3: 0 | BBS3: 0 | BBT3: 0 | BBU3: 0 | BBV3: 0 | BBW3: 0 | BBX3: 0 | BBY3: 0 | BBZ3: 0 | BCA3: 0 | BCB3: 0 | BCC3: 0 | BCD3: 0 | BCE3: 0 | BCF3: 0 | BCG3: 0 | BCH3: 0 | BCI3: 0 | BCJ3: 0 | BCK3: 0 | BCL3: 0 | BCM3: 0 | BCN3: 0 | BCO3: 0 | BCP3: 0 | BCQ3: 0 | BCR3: 0 | BCS3: 0 | BCT3: 0 | BCU3: 0 | BCV3: 0 | BCW3: 0 | BCX3: 0 | BCY3: 0 | BCZ3: 0 | BDA3: 0 | BDB3: 0 | BDC3: 0 | BDD3: 0 | BDE3: 0 | BDF3: 0 | BDG3: 0 | BDH3: 0 | BDI3: 0 | BDJ3: 0 | BDK3: 0 | BDL3: 0 | BDM3: 0 | BDN3: 0 | BDO3: 0 | BDP3: 0 | BDQ3: 0 | BDR3: 0 | BDS3: 0 | BDT3: 0 | BDU3: 0 | BDV3: 0 | BDW3: 0 | BDX3: 0 | BDY3: 0 | BDZ3: 0 | BEA3: 0 | BEB3: 0 | BEC3: 0 | BED3: 0 | BEE3: 0 | BEF3: 0 | BEG3: 0 | BEH3: 0 | BEI3: 0 | BEJ3: 0 | BEK3: 0 | BEL3: 0 | BEM3: 0 | BEN3: 0 | BEO3: 0 | BEP3: 0 | BEQ3: 0 | BER3: 0 | BES3: 0 | BET3: 0 | BEU3: 0 | BEV3: 0 | BEW3: 0 | BEX3: 0 | BEY3: 0 | BEZ3: 0 | BFA3: 0 | BFB3: 0 | BFC3: 0 | BFD3: 0 | BFE3: 0 | BFF3: 0 | BFG3: 0 | BFH3: 0 | BFI3: 0 | BFJ3: 0 | BFK3: 0 | BFL3: 0 | BFM3: 0 | BFN3: 0 | BFO3: 0 | BFP3: 0 | BFQ3: 0 | BFR3: 0 | BFS3: 0 | BFT3: 0 | BFU3: 0 | BFV3: 0 | BFW3: 0 | BFX3: 0 | BFY3: 0 | BFZ3: 0 | BGA3: 0 | BGB3: 0 | BGC3: 0 | BGD3: 0 | BGE3: 0 | BGF3: 0 | BGG3: 0 | BGH3: 0 | BGI3: 0 | BGJ3: 0 | BGK3: 0 | BGL3: 0 | BGM3: 0 | BGN3: 0 | BGO3: 0 | BGP3: 0 | BGQ3: 0 | BGR3: 0 | BGS3: 0 | BGT3: 0 | BGU3: 0 | BGV3: 0 | BGW3: 0 | BGX3: 0 | BGY3: 0 | BGZ3: 0 | BHA3: 0 | BHB3: 0 | BHC3: 0 | BHD3: 0 | BHE3: 0 | BHF3: 0 | BHG3: 0 | BHH3: 0 | BHI3: 0 | BHJ3: 0 | BHK3: 0 | BHL3: 0 | BHM3: 0 | BHN3: 0 | BHO3: 0 | BHP3: 0 | BHQ3: 0 | BHR3: 0 | BHS3: 0 | BHT3: 0 | BHU3: 0 | BHV3: 0 | BHW3: 0 | BHX3: 0 | BHY3: 0 | BHZ3: 0 | BIA3: 0 | BIB3: 0 | BIC3: 0 | BID3: 0 | BIE3: 0 | BIF3: 0 | BIG3: 0 | BIH3: 0 | BII3: 0 | BIJ3: 0 | BIK3: 0 | BIL3: 0 | BIM3: 0 | BIN3: 0 | BIO3: 0 | BIP3: 0 | BIQ3: 0 | BIR3: 0 | BIS3: 0 | BIT3: 0 | BIU3: 0 | BIV3: 0 | BIW3: 0 | BIX3: 0 | BIY3: 0 | BIZ3: 0 | BJA3: 0 | BJB3: 0 | BJC3: 0 | BJD3: 0 | BJE3: 0 | BJF3: 0 | BJG3: 0 | BJH3: 0 | BJI3: 0 | BJJ3: 0 | BJK3: 0 | BJL3: 0 | BJM3: 0 | BJN3: 0 | BJO3: 0 | BJP3: 0 | BJQ3: 0 | BJR3: 0 | BJS3: 0 | BJT3: 0 | BJU3: 0 | BJV3: 0 | BJW3: 0 | BJX3: 0 | BJY3: 0 | BJZ3: 0 | BKA3: 0 | BKB3: 0 | BKC3: 0 | BKD3: 0 | BKE3: 0 | BKF3: 0 | BKG3: 0 | BKH3: 0 | BKI3: 0 | BKJ3: 0 | BKK3: 0 | BKL3: 0 | BKM3: 0 | BKN3: 0 | BKO3: 0 | BKP3: 0 | BKQ3: 0 | BKR3: 0 | BKS3: 0 | BKT3: 0 | BKU3: 0 | BKV3: 0 | BKW3: 0 | BKX3: 0 | BKY3: 0 | BKZ3: 0 | BLA3: 0 | BLB3: 0 | BLC3: 0 | BLD3: 0 | BLE3: 0 | BLF3: 0 | BLG3: 0 | BLH3: 0 | BLI3: 0 | BLJ3: 0 | BLK3: 0 | BLL3: 0 | BLM3: 0 | BLN3: 0 | BLO3: 0 | BLP3: 0 | BLQ3: 0 | BLR3: 0 | BLS3: 0 | BLT3: 0 | BLU3: 0 | BLV3: 0 | BLW3: 0 | BLX3: 0 | BLY3: 0 | BLZ3: 0 | BMA3: 0 | BMB3: 0 | BMC3: 0 | BMD3: 0 | BME3: 0 | BMF3: 0 | BMG3: 0 | BMH3: 0 | BMI3: 0 | BMJ3: 0 | BMK3: 0 | BML3: 0 | BMM3: 0 | BMN3: 0 | BMO3: 0 | BMP3: 0 | BMQ3: 0 | BMR3: 0 | BMS3: 0 | BMT3: 0 | BMU3: 0 | BMV3: 0 | BMW3: 0 | BMX3: 0 | BMY3: 0 | BMZ3: 0 | BNA3: 0 | BNB3: 0 | BNC3: 0 | BND3: 0 | BNE3: 0 | BNF3: 0 | BNG3: 0 | BNH3: 0 | BNI3: 0 | BNJ3: 0 | BNK3: 0 | BNL3: 0 | BNM3: 0 | BNN3: 0 | BNO3: 0 | BNP3: 0 | BNQ3: 0 | BNR3: 0 | BNS3: 0 | BNT3: 0 | BNU3: 0 | BNV3: 0 | BNW3: 0 | BNX3: 0 | BNY3: 0 | BNZ3: 0 | BOA3: 0 | BOB3: 0 | BOC3: 0 | BOD3: 0 | BOE3: 0 | BOF3: 0 | BOG3: 0 | BOH3: 0 | BOI3: 0 | BOJ3: 0 | BOK3: 0 | BOL3: 0 | BOM3: 0 | BON3: 0 | BOO3: 0 | BOP3: 0 | BOQ3: 0 | BOR3: 0 | BOS3: 0 | BOT3: 0 | BOU3: 0 | BOV3: 0 | BOW3: 0 | BOX3: 0 | BOY3: 0 | BOZ3: 0 | BPA3: 0 | BPB3: 0 | BPC3: 0 | BPD3: 0 | BPE3: 0 | BPF3: 0 | BPG3: 0 | BPH3: 0 | BPI3: 0 | BPJ3: 0 | BPK3: 0 | BPL3: 0 | BPM3: 0 | BPN3: 0 | BPO3: 0 | BPP3: 0 | BPQ3: 0 | BPR3: 0 | BPS3: 0 | BPT3: 0 | BPU3: 0 | BPV3: 0 | BPW3: 0 | BPX3: 0 | BPY3: 0 | BPZ3: 0 | BQA3: 0 | BQB3: 0 | BQC3: 0 | BQD3: 0 | BQE3: 0 | BQF3: 0 | BQG3: 0 | BQH3: 0 | BQI3: 0 | BQJ3: 0 | BQK3: 0 | BQL3: 0 | BQM3: 0 | BQN3: 0 | BQO3: 0 | BQP3: 0 | BQQ3: 0 | BQR3: 0 | BQS3: 0 | BQT3: 0 | BQU3: 0 | BQV3: 0 | BQW3: 0 | BQX3: 0 | BQY3: 0 | BQZ3: 0 | BRA3: 0 | BRB3: 0 | BRC3: 0 | BRD3: 0 | BRE3: 0 | BRF3: 0 | BRG3: 0 | BRH3: 0 | BRI3: 0 | BRJ3: 0 | BRK3: 0 | BRL3: 0 | BRM3: 0 | BRN3: 0 | BRO3: 0 | BRP3: 0 | BRQ3: 0 | BRR3: 0 | BRS3: 0 | BRT3: 0 | BRU3: 0 | BRV3: 0 | BRW3: 0 | BRX3: 0 | BRY3: 0 | BRZ3: 0 | BSA3: 0 | BSB3: 0 | BSC3: 0 | BSD3: 0 | BSE3: 0 | BSF3: 0 | BSG3: 0 | BSH3: 0 | BSI3: 0 | BSJ3: 0 | BSK3: 0 | BSL3: 0 | BSM3: 0 | BSN3: 0 | BSO3: 0 | BSP3: 0 | BSQ3: 0 | BSR3: 0 | BSS3: 0 | BST3: 0 | BSU3: 0 | BSV3: 0 | BSW3: 0 | BSX3: 0 | BSY3: 0 | BSZ3: 0 | BTA3: 0 | BTB3: 0 | BTC3: 0 | BTD3: 0 | BTE3: 0 | BTF3: 0 | BTG3: 0 | BTH3: 0 | BTI3: 0 | BTJ3: 0 | BTK3: 0 | BTL3: 0 | BTM3: 0 | BTN3: 0 | BTO3: 0 | BTP3: 0 | BTQ3: 0 | BTR3: 0 | BTS3: 0 | BTT3: 0 | BTU3: 0 | BTV3: 0 | BTW3: 0 | BTX3: 0 | BTY3: 0 | BTZ3: 0 | BUA3: 0 | BUB3: 0 | BUC3: 0 | BUD3: 0 | BUE3: 0 | BUF3: 0 | BUG3: 0 | BUH3: 0 | BUI3: 0 | BUJ3: 0 | BUK3: 0 | BUL3: 0 | BUM3: 0 | BUN3: 0 | BUO3: 0 | BUP3: 0 | BUQ3: 0 | BUR3: 0 | BUS3: 0 | BUT3: 0 | BUU3: 0 | BUV3: 0 | BUW3: 0 | BUX3: 0 | BUY3: 0 | BUZ3: 0 | BVA3: 0 | BVB3: 0 | BVC3: 0 | BVD3: 0 | BVE3: 0 | BVF3: 0 | BVG3: 0 | BVH3: 0 | BVI3: 0 | BVJ3: 0 | BVK3: 0 | BVL3: 0 | BVM3: 0 | BVN3: 0 | BVO3: 0 | BVP3: 0 | BVQ3: 0 | BVR3: 0 | BVS3: 0 | BVT3: 0 | BVU3: 0 | BVV3: 0 | BVW3: 0 | BVX3: 0 | BVY3: 0 | BVZ3: 0 | BWA3: 0 | BWB3: 0 | BWC3: 0 | BWD3: 0 | BWE3: 0 | BWF3: 0 | BWG3: 0 | BWH3: 0 | BWI3: 0 | BWJ3: 0 | BWK3: 0 | BWL3: 0 | BWM3: 0 | BWN3: 0 | BWO3: 0 | BWP3: 0 | BWQ3: 0 | BWR3: 0 | BWS3: 0 | BWT3: 0 | BWU3: 0 | BWV3: 0 | BWW3: 0 | BWX3: 0 | BWY3: 0 | BWZ3: 0 | BXA3: 0 | BXB3: 0 | BXC3: 0 | BXD3: 0 | BXE3: 0 | BXF3: 0 | BXG3: 0 | BXH3: 0 | BXI3: 0 | BXJ3: 0 | BXK3: 0 | BXL3: 0 | BXM3: 0 | BXN3: 0 | BXO3: 0 | BXP3: 0 | BXQ3: 0 | BXR3: 0 | BXS3: 0 | BXT3: 0 | BXU3: 0 | BXV3: 0 | BXW3: 0 | BXX3: 0 | BXY3: 0 | BXZ3: 0 | BYA3: 0 | BYB3: 0 | BYC3: 0 | BYD3: 0 | BYE3: 0 | BYF3: 0 | BYG3: 0 | BYH3: 0 | BYI3: 0 | BYJ3: 0 | BYK3: 0 | BYL3: 0 | BYM3: 0 | BYN3: 0 | BYO3: 0 | BYP3: 0 | BYQ3: 0 | BYR3: 0 | BYS3: 0 | BYT3: 0 | BYU3: 0 | BYV3: 0 | BYW3: 0 | BYX3: 0 | BYY3: 0 | BYZ3: 0 | BZA3: 0 | BZB3: 0 | BZC3: 0 | BZD3: 0 | BZE3: 0 | BZF3: 0 | BZG3: 0 | BZH3: 0 | BZI3: 0 | BZJ3: 0 | BZK3: 0 | BZL3: 0 | BZM3: 0 | BZN3: 0 | BZO3: 0 | BZP3: 0 | BZQ3: 0 | BZR3: 0 | BZS3: 0 | BZT3: 0 | BZU3: 0 | BZV3: 0 | BZW3: 0 | BZX3: 0 | BZY3: 0 | BZZ3: 0 | CAA3: 0 | CAB3: 0 | CAC3: 0 | CAD3: 0 | CAE3: 0 | CAF3: 0 | CAG3: 0 | CAH3: 0 | CAI3: 0 | CAJ3: 0 | CAK3: 0 | CAL3: 0 | CAM3: 0 | CAN3: 0 | CAO3: 0 | CAP3: 0 | CAQ3: 0 | CAR3: 0 | CAS3: 0 | CAT3: 0 | CAU3: 0 | CAV3: 0 | CAW3: 0 | CAX3: 0 | CAY3: 0 | CAZ3: 0 | CBA3: 0 | CBB3: 0 | CBC3: 0 | CBD3: 0 | CBE3: 0 | CBF3: 0 | CBG3: 0 | CBH3: 0 | CBI3: 0 | CBJ3: 0 | CBK3: 0 | CBL3: 0 | CBM3: 0 | CBN3: 0 | CBO3: 0 | CBP3: 0 | CBQ3: 0 | CBR3: 0 | CBS3: 0 | CBT3: 0 | CBU3: 0 | CBV3: 0 | CBW3: 0 | CBX3: 0 | CBY3: 0 | CBZ3: 0 | CCA3: 0 | CCB3: 0 | CCC3: 0 | CCD3: 0 | CCE3: 0 | CCF3: 0 | CCG3: 0 | CCH3: 0 | CCI3: 0 | CCJ3: 0 | CCK3: 0 | CCL3: 0 | CCM3: 0 | CCN3: 0 | CCO3: 0 | CCP3: 0 | CCQ3: 0 | CCR3: 0 | CCS3: 0 | CCT3: 0 | CCU3: 0 | CCV3: 0 | CCW3: 0 | CCX3: 0 | CCY3: 0 | CCZ3: 0 | CDA3: 0 | CDB3: 0 | CDC3: 0 | CDD3: 0 | CDE3: 0 | CDF3: 0 | CDG3: 0 | CDH3: 0 | CDI3: 0 | CDJ3: 0 | CDK3: 0 | CDL3: 0 | CDM3: 0 | CDN3: 0 | CDO3: 0 | CDP3: 0 | CDQ3: 0 | CDR3: 0 | CDS3: 0 | CDT3: 0 | CDU3: 0 | CDV3: 0 | CDW3: 0 | CDX3: 0 | CDY3: 0 | CDZ3: 0 | CEA3: 0 | CEB3: 0 | CEC3: 0 | CED3: 0 | CEE3: 0 | CEF3: 0 | CEG3: 0 | CEH3: 0 | CEI3: 0 | CEJ3: 0 | CEK3: 0 | CEL3: 0 | CEM3: 0 | CEN3: 0 | CEO3: 0 | CEP3: 0 | CEQ3: 0 | CER3: 0 | CES3: 0 | CET3: 0 | CEU3: 0 | CEV3: 0 | CEW3: 0 | CEX3: 0 | CEY3: 0 | CEZ3: 0 | CFA3: 0 | CFB3: 0 | CFC3: 0 | CFD3: 0 | CFE3: 0 | CFF3: 0 | CFG3: 0 | CFH3: 0 | CFI3: 0 | CFJ3: 0 | CFK3: 0 | CFL3: 0 | CFM3: 0 | CFN3: 0 | CFO3: 0 | CFP3: 0 | CFQ3: 0 | CFR3: 0 | CFS3: 0 | CFT3: 0 | CFU3: 0 | CFV3: 0 | CFW3: 0 | CFX3: 0 | CFY3: 0 | CFZ3: 0 | CGA3: 0 | CGB3: 0 | CGC3: 0 | CGD3: 0 | CGE3: 0 | CGF3: 0 | CGG3: 0 | CGH3: 0 | CGI3: 0 | CGJ3: 0 | CGK3: 0 | CGL3: 0 | CGM3: 0 | CGN3: 0 | CGO3: 0 | CGP3: 0 | CGQ3: 0 | CGR3: 0 | CGS3: 0 | CGT3: 0 | CGU3: 0 | CGV3: 0 | CGW3: 0 | CGX3: 0 | CGY3: 0 | CGZ3: 0 | CHA3: 0 | CHB3: 0 | CHC3: 0 | CHD3: 0 | CHE3: 0 | CHF3: 0 | CHG3: 0 | CHH3: 0 | CHI3: 0 | CHJ3: 0 | CHK3: 0 | CHL3: 0 | CHM3: 0 | CHN3: 0 | CHO3: 0 | CHP3: 0 | CHQ3: 0 | CHR3: 0 | CHS3: 0 | CHT3: 0 | CHU3: 0 | CHV3: 0 | CHW3: 0 | CHX3: 0 | CHY3: 0 | CHZ3: 0 | CIA3: 0 | CIB3: 0 | CIC3: 0 | CID3: 0 | CIE3: 0 | CIF3: 0 | CIG3: 0 | CIH3: 0 | CII3: 0 | CIJ3: 0 | CIK3: 0 | CIL3: 0 | CIM3: 0 | CIN3: 0 | CIO3: 0 | CIP3: 0 | CIQ3: 0 | CIR3: 0 | CIS3: 0 | CIT3: 0 | CIU3: 0 | CIV3: 0 | CIW3: 0 | CIX3: 0 | CIY3: 0 | CIZ3: 0 | CJA3: 0 | CJB3: 0 | CJC3: 0 | CJD3: 0 | CJE3: 0 | CJF3: 0 | CJG3: 0 | CJH3: 0 | CJI3: 0 | CJJ3: 0 | CJK3: 0 | CJL3: 0 | CJM3: 0 | CJN3: 0 | CJO3: 0 | CJP3: 0 | CJQ3: 0 | CJR3: 0 | CJS3: 0 | CJT3: 0 | CJU3: 0 | CJV3: 0 | CJW3: 0 | CJX3: 0 | CJY3: 0 | CJZ3: 0 | CKA3: 0 | CKB3: 0 | CKC3: 0 | CKD3: 0 | CKE3: 0 | CKF3: 0 | CKG3: 0 | CKH3: 0 | CKI3: 0 | CKJ3: 0 | CKK3: 0 | CKL3: 0 | CKM3: 0 | CKN3: 0 | CKO3: 0 | CKP3: 0 | CKQ3: 0 | CKR3: 0 | CKS3: 0 | CKT3: 0 | CKU3: 0 | CKV3: 0 | CKW3: 0 | CKX3: 0 | CKY3: 0 | CKZ3: 0 | CLA3: 0 | CLB3: 0 | CLC3: 0 | CLD3: 0 | CLE3: 0 | CLF3: 0 | CLG3: 0 | CLH3: 0 | CLI3: 0 | CLJ3: 0 | CLK3: 0 | CLL3: 0 | CLM3: 0 | CLN3: 0 | CLO3: 0 | CLP3: 0 | CLQ3: 0 | CLR3: 0 | CLS3: 0 | CLT3: 0 | CLU3: 0 | CLV3: 0 | CLW3: 0 | CLX3: 0 | CLY3: 0 | CLZ3: 0 | CMA3: 0 | CMB3: 0 | CMC3: 0 | CMD3: 0 | CME3: 0 | CMF3: 0 | CMG3: 0 | CMH3: 0 | CMI3: 0 | CMJ3: 0 | CMK3: 0 | CML3: 0 | CMM3: 0 | CMN3: 0 | CMO3: 0 | CMP3: 0 | CMQ3: 0 | CMR3: 0 | CMS3: 0 | CMT3: 0 | CMU3: 0 | CMV3: 0 | CMW3: 0 | CMX3: 0 | CMY3: 0 | CMZ3: 0 | CNA3: 0 | CNB3: 0 | CNC3: 0 | CND3: 0 | CNE3: 0 | CNF3: 0 | CNG3: 0 | CNH3: 0 | CNI3: 0 | CNJ3: 0 | CNK3: 0 | CNL3: 0 | CNM3: 0 | CNN3: 0 | CNO3: 0 | CNP3: 0 | CNQ3: 0 | CNR3: 0 | CNS3: 0 | CNT3: 0 | CNU3: 0 | CNV3: 0 | CNW3: 0 | CNX3: 0 | CNY3: 0 | CNZ3: 0 | COA3: 0 | COB3: 0 | COC3: 0 | COD3: 0 | COE3: 0 | COF3: 0 | COG3: 0 | COH3: 0 | COI3: 0 | COJ3: 0 | COK3: 0 | COL3: 0 | COM3: 0 | CON3: 0 | COO3: 0 | COP3: 0 | COQ3: 0 | COR3: 0 | COS3: 0 | COT3: 0 | COU3: 0 | COV3: 0 | COW3: 0 | COX3: 0 | COY3: 0 | COZ3: 0 | CPA3: 0 | CPB3: 0 | CPC3: 0 | CPD3: 0 | CPE3: 0 | CPF3: 0 | CPG3: 0 | CPH3: 0 | CPI3: 0 | CPJ3: 0 | CPK3: 0 | CPL3: 0 | CPM3: 0 | CPN3: 0 | CPO3: 0 | CPP3: 0 | CPQ3: 0 | CPR3: 0 | CPS3: 0 | CPT3: 0 | CPU3: 0 | CPV3: 0 | CPW3: 0 | CPX3: 0 | CPY3: 0 | CPZ3: 0 | CQA3: 0 | CQB3: 0 | CQC3: 0 | CQD3: 0 | CQE3: 0 | CQF3: 0 | CQG3: 0 | CQH3: 0 | CQI3: 0 | CQJ3: 0 | CQK3: 0 | CQL3: 0 | CQM3: 0 | CQN3: 0 | CQO3: 0 | CQP3: 0 | CQQ3: 0 | CQR3: 0 | CQS3: 0 | CQT3: 0 | CQU3: 0 | CQV3: 0 | CQW3: 0 | CQX3: 0 | CQY3: 0 | CQZ3: 0 | CRA3: 0 | CRB3: 0 | CRC3: 0 | CRD3: 0 | CRE3: 0 | CRF3: 0 | CRG3: 0 | CRH3: 0 | CRI3: 0 | CRJ3: 0 | CRK3: 0 | CRL3: 0 | CRM3: 0 | CRN3: 0 | CRO3: 0 | CRP3: 0 | CRQ3: 0 | CRR3: 0 | CRS3: 0 | CRT3: 0 | CRU3: 0 | CRV3: 0 | CRW3: 0 | CRX3: 0 | CRY3: 0 | CRZ3: 0 | CSA3: 0 | CSB3: 0 | CSC3: 0 | CSD3: 0 | CSE3: 0 | CSF3: 0 | CSG3: 0 | CSH3: 0 | CSI3: 0 | CSJ3: 0 | CSK3: 0 | CSL3: 0 | CSM3: 0 | CSN3: 0 | CSO3: 0 | CSP3: 0 | CSQ3: 0 | CSR3: 0 | CSS3: 0 | CST3: 0 | CSU3: 0 | CSV3: 0 | CSW3: 0 | CSX3: 0 | CSY3: 0 | CSZ3: 0 | CTA3: 0 | CTB3: 0 | CTC3: 0 | CTD3: 0 | CTE3: 0
A4: sample_2_DIP | B4: 0 | C4: 1922 | D4: 980 | E4: 0 | F4: 182 | G4: 591 | H4: 2 | I4: 7 | J4: 0 | K4: 3 | L4: 2 | M4: 0 | N4: 4 | O4: 0 | P4: 0 | Q4: 1 | R4: 0 | S4: 0 | T4: 76 | U4: 0 | V4: 3 | W4: 2 | X4: 0 | Y4: 1 | Z4: 277 | AA4: 3 | AB4: 1721 | AC4: 0 | AD4: 0 | AE4: 3 | AF4: 1 | AG4: 0 | AH4: 0 | AI4: 2 | AJ4: 0 | AK4: 0 | AL4: 0 | AM4: 1 | AN4: 0 | AO4: 0 | AP4: 0 | AQ4: 0 | AR4: 0 | AS4: 0 | AT4: 1 | AU4: 0 | AV4: 1325 | AW4: 0 | AX4: 0 | AY4: 0 | AZ4: 0 | BA4: 0 | BB4: 0 | BC4: 0 | BD4: 0 | BE4: 0 | BF4: 0 | BG4: 0 | BH4: 0 | BI4: 252 | BJ4: 0 | BK4: 0 | BL4: 0 | BM4: 0 | BN4: 0 | BO4: 0 | BP4: 25 | BQ4: 0 | BR4: 6 | BS4: 0 | BT4: 0 | BU4: 0 | BV4: 0 | BW4: 0 | BX4: 0 | BY4: 0 | BZ4: 7 | CA4: 0 | CB4: 0 | CC4: 0 | CD4: 0 | CE4: 0 | CF4: 0 | CG4: 0 | CH4: 7 | CI4: 0 | CJ4: 0 | CK4: 0 | CL4: 0 | CM4: 0 | CN4: 5 | CO4: 5 | CP4: 0 | CQ4: 10 | CR4: 0 | CS4: 0 | CT4: 0 | CU4: 0 | CV4: 0 | CW4: 0 | CX4: 9 | CY4: 8 | CZ4: 5 | DA4: 0 | DB4: 0 | DC4: 0 | DD4: 0 | DE4: 0 | DF4: 0 | DG4: 0 | DH4: 5 | DI4: 8 | DJ4: 0 | DK4: 0 | DL4: 0 | DM4: 9 | DN4: 4 | DO4: 14 | DP4: 4 | DQ4: 0 | DR4: 15 | DS4: 0 | DT4: 4 | DU4: 0 | DV4: 0 | DW4: 3 | DX4: 0 | DY4: 0 | DZ4: 0 | EA4: 0 | EB4: 0 | EC4: 0 | ED4: 0 | EE4: 0 | EF4: 6 | EG4: 0 | EH4: 0 | EI4: 5 | EJ4: 46 | EK4: 0 | EL4: 3 | EM4: 1 | EN4: 0 | EO4: 5 | EP4: 94 | EQ4: 10 | ER4: 1 | ES4: 3 | ET4: 5 | EU4: 6 | EV4: 4 | EW4: 2 | EX4: 0 | EY4: 0 | EZ4: 5 | FA4: 0 | FB4: 0 | FC4: 0 | FD4: 0 | FE4: 0 | FF4: 26 | FG4: 0 | FH4: 0 | FI4: 0 | FJ4: 0 | FK4: 0 | FL4: 0 | FM4: 0 | FN4: 0 | FO4: 0 | FP4: 0 | FQ4: 0 | FR4: 0 | FS4: 0 | FT4: 153 | FU4: 0 | FV4: 1 | FW4: 0 | FX4: 0 | FY4: 0 | FZ4: 26 | GA4: 0 | GB4: 2 | GC4: 0 | GD4: 0 | GE4: 0 | GF4: 0 | GG4: 0 | GH4: 0 | GI4: 0 | GJ4: 0 | GK4: 0 | GL4: 0 | GM4: 0 | GN4: 0 | GO4: 0 | GP4: 0 | GQ4: 0 | GR4: 0 | GS4: 0 | GT4: 4 | GU4: 0 | GV4: 0 | GW4: 0 | GX4: 0 | GY4: 0 | GZ4: 0 | HA4: 0 | HB4: 0 | HC4: 0 | HD4: 0 | HE4: 0 | HF4: 0 | HG4: 1 | HH4: 1 | HI4: 0 | HJ4: 0 | HK4: 0 | HL4: 0 | HM4: 0 | HN4: 1 | HO4: 0 | HP4: 0 | HQ4: 0 | HR4: 0 | HS4: 37 | HT4: 0 | HU4: 0 | HV4: 2 | HW4: 0 | HX4: 1 | HY4: 4 | HZ4: 0 | IA4: 0 | IB4: 1 | IC4: 0 | ID4: 0 | IE4: 0 | IF4: 0 | IG4: 0 | IH4: 0 | II4: 0 | IJ4: 0 | IK4: 1 | IL4: 0 | IM4: 0 | IN4: 0 | IO4: 0 | IP4: 0 | IQ4: 0 | IR4: 1 | IS4: 0 | IT4: 0 | IU4: 0 | IV4: 0 | IW4: 0 | IX4: 0 | IY4: 0 | IZ4: 0 | JA4: 0 | JB4: 0 | JC4: 0 | JD4: 0 | JE4: 0 | JF4: 0 | JG4: 0 | JH4: 0 | JI4: 0 | JJ4: 0 | JK4: 0 | JL4: 0 | JM4: 0 | JN4: 0 | JO4: 0 | JP4: 0 | JQ4: 0 | JR4: 0 | JS4: 0 | JT4: 0 | JU4: 0 | JV4: 0 | JW4: 0 | JX4: 5 | JY4: 0 | JZ4: 0 | KA4: 0 | KB4: 0 | KC4: 0 | KD4: 0 | KE4: 0 | KF4: 0 | KG4: 0 | KH4: 0 | KI4: 0 | KJ4: 0 | KK4: 0 | KL4: 0 | KM4: 0 | KN4: 0 | KO4: 0 | KP4: 0 | KQ4: 0 | KR4: 0 | KS4: 0 | KT4: 0 | KU4: 0 | KV4: 0 | KW4: 0 | KX4: 0 | KY4: 0 | KZ4: 0 | LA4: 0 | LB4: 0 | LC4: 0 | LD4: 0 | LE4: 0 | LF4: 0 | LG4: 0 | LH4: 0 | LI4: 0 | LJ4: 0 | LK4: 0 | LL4: 0 | LM4: 0 | LN4: 0 | LO4: 0 | LP4: 0 | LQ4: 0 | LR4: 0 | LS4: 0 | LT4: 0 | LU4: 0 | LV4: 0 | LW4: 0 | LX4: 0 | LY4: 0 | LZ4: 0 | MA4: 0 | MB4: 15 | MC4: 0 | MD4: 0 | ME4: 0 | MF4: 0 | MG4: 0 | MH4: 0 | MI4: 0 | MJ4: 0 | MK4: 0 | ML4: 0 | MM4: 0 | MN4: 0 | MO4: 1 | MP4: 0 | MQ4: 0 | MR4: 0 | MS4: 1 | MT4: 2 | MU4: 0 | MV4: 0 | MW4: 0 | MX4: 0 | MY4: 0 | MZ4: 0 | NA4: 0 | NB4: 0 | NC4: 0 | ND4: 0 | NE4: 0 | NF4: 0 | NG4: 0 | NH4: 1 | NI4: 0 | NJ4: 0 | NK4: 0 | NL4: 0 | NM4: 0 | NN4: 0 | NO4: 0 | NP4: 0 | NQ4: 0 | NR4: 0 | NS4: 0 | NT4: 0 | NU4: 0 | NV4: 0 | NW4: 0 | NX4: 0 | NY4: 0 | NZ4: 0 | OA4: 0 | OB4: 0 | OC4: 0 | OD4: 0 | OE4: 0 | OF4: 0 | OG4: 0 | OH4: 0 | OI4: 0 | OJ4: 0 | OK4: 0 | OL4: 0 | OM4: 0 | ON4: 0 | OO4: 0 | OP4: 0 | OQ4: 0 | OR4: 0 | OS4: 0 | OT4: 0 | OU4: 0 | OV4: 0 | OW4: 0 | OX4: 0 | OY4: 0 | OZ4: 0 | PA4: 0 | PB4: 0 | PC4: 0 | PD4: 0 | PE4: 0 | PF4: 0 | PG4: 0 | PH4: 0 | PI4: 0 | PJ4: 0 | PK4: 0 | PL4: 0 | PM4: 0 | PN4: 0 | PO4: 0 | PP4: 0 | PQ4: 0 | PR4: 0 | PS4: 0 | PT4: 0 | PU4: 0 | PV4: 0 | PW4: 0 | PX4: 0 | PY4: 0 | PZ4: 0 | QA4: 0 | QB4: 0 | QC4: 0 | QD4: 0 | QE4: 0 | QF4: 0 | QG4: 0 | QH4: 0 | QI4: 0 | QJ4: 0 | QK4: 1 | QL4: 0 | QM4: 0 | QN4: 0 | QO4: 0 | QP4: 0 | QQ4: 0 | QR4: 0 | QS4: 0 | QT4: 0 | QU4: 5 | QV4: 0 | QW4: 0 | QX4: 0 | QY4: 0 | QZ4: 0 | RA4: 0 | RB4: 1 | RC4: 1 | RD4: 0 | RE4: 0 | RF4: 0 | RG4: 0 | RH4: 0 | RI4: 0 | RJ4: 1 | RK4: 0 | RL4: 0 | RM4: 0 | RN4: 0 | RO4: 0 | RP4: 0 | RQ4: 0 | RR4: 0 | RS4: 0 | RT4: 0 | RU4: 0 | RV4: 0 | RW4: 0 | RX4: 0 | RY4: 0 | RZ4: 0 | SA4: 0 | SB4: 0 | SC4: 0 | SD4: 0 | SE4: 0 | SF4: 0 | SG4: 0 | SH4: 0 | SI4: 0 | SJ4: 0 | SK4: 0 | SL4: 0 | SM4: 0 | SN4: 0 | SO4: 0 | SP4: 0 | SQ4: 0 | SR4: 0 | SS4: 0 | ST4: 0 | SU4: 0 | SV4: 0 | SW4: 0 | SX4: 0 | SY4: 0 | SZ4: 0 | TA4: 0 | TB4: 0 | TC4: 0 | TD4: 0 | TE4: 0 | TF4: 0 | TG4: 0 | TH4: 0 | TI4: 0 | TJ4: 0 | TK4: 0 | TL4: 0 | TM4: 0 | TN4: 0 | TO4: 0 | TP4: 0 | TQ4: 0 | TR4: 0 | TS4: 0 | TT4: 0 | TU4: 0 | TV4: 0 | TW4: 0 | TX4: 0 | TY4: 0 | TZ4: 0 | UA4: 0 | UB4: 0 | UC4: 0 | UD4: 0 | UE4: 0 | UF4: 0 | UG4: 0 | UH4: 0 | UI4: 0 | UJ4: 0 | UK4: 0 | UL4: 0 | UM4: 0 | UN4: 0 | UO4: 0 | UP4: 0 | UQ4: 0 | UR4: 0 | US4: 0 | UT4: 0 | UU4: 0 | UV4: 0 | UW4: 0 | UX4: 0 | UY4: 0 | UZ4: 0 | VA4: 0 | VB4: 0 | VC4: 0 | VD4: 0 | VE4: 0 | VF4: 0 | VG4: 0 | VH4: 0 | VI4: 0 | VJ4: 0 | VK4: 0 | VL4: 0 | VM4: 0 | VN4: 0 | VO4: 0 | VP4: 0 | VQ4: 0 | VR4: 0 | VS4: 0 | VT4: 0 | VU4: 0 | VV4: 0 | VW4: 0 | VX4: 0 | VY4: 0 | VZ4: 0 | WA4: 0 | WB4: 0 | WC4: 0 | WD4: 0 | WE4: 0 | WF4: 0 | WG4: 0 | WH4: 0 | WI4: 0 | WJ4: 0 | WK4: 0 | WL4: 0 | WM4: 0 | WN4: 0 | WO4: 0 | WP4: 0 | WQ4: 0 | WR4: 0 | WS4: 0 | WT4: 0 | WU4: 0 | WV4: 0 | WW4: 0 | WX4: 0 | WY4: 0 | WZ4: 0 | XA4: 0 | XB4: 0 | XC4: 0 | XD4: 0 | XE4: 0 | XF4: 0 | XG4: 0 | XH4: 0 | XI4: 0 | XJ4: 0 | XK4: 0 | XL4: 0 | XM4: 0 | XN4: 0 | XO4: 0 | XP4: 0 | XQ4: 0 | XR4: 0 | XS4: 0 | XT4: 0 | XU4: 0 | XV4: 0 | XW4: 0 | XX4: 0 | XY4: 0 | XZ4: 0 | YA4: 0 | YB4: 0 | YC4: 0 | YD4: 0 | YE4: 0 | YF4: 0 | YG4: 0 | YH4: 0 | YI4: 0 | YJ4: 0 | YK4: 0 | YL4: 0 | YM4: 0 | YN4: 0 | YO4: 0 | YP4: 0 | YQ4: 0 | YR4: 0 | YS4: 0 | YT4: 0 | YU4: 0 | YV4: 0 | YW4: 0 | YX4: 0 | YY4: 0 | YZ4: 0 | ZA4: 0 | ZB4: 0 | ZC4: 0 | ZD4: 0 | ZE4: 0 | ZF4: 0 | ZG4: 0 | ZH4: 0 | ZI4: 0 | ZJ4: 0 | ZK4: 0 | ZL4: 0 | ZM4: 0 | ZN4: 0 | ZO4: 0 | ZP4: 0 | ZQ4: 0 | ZR4: 0 | ZS4: 0 | ZT4: 0 | ZU4: 0 | ZV4: 0 | ZW4: 0 | ZX4: 0 | ZY4: 0 | ZZ4: 0 | AAA4: 0 | AAB4: 0 | AAC4: 0 | AAD4: 0 | AAE4: 0 | AAF4: 0 | AAG4: 0 | AAH4: 0 | AAI4: 0 | AAJ4: 0 | AAK4: 0 | AAL4: 0 | AAM4: 0 | AAN4: 0 | AAO4: 0 | AAP4: 0 | AAQ4: 0 | AAR4: 0 | AAS4: 0 | AAT4: 0 | AAU4: 0 | AAV4: 0 | AAW4: 0 | AAX4: 0 | AAY4: 0 | AAZ4: 0 | ABA4: 0 | ABB4: 0 | ABC4: 0 | ABD4: 0 | ABE4: 0 | ABF4: 0 | ABG4: 0 | ABH4: 0 | ABI4: 0 | ABJ4: 0 | ABK4: 0 | ABL4: 0 | ABM4: 0 | ABN4: 0 | ABO4: 0 | ABP4: 0 | ABQ4: 0 | ABR4: 0 | ABS4: 0 | ABT4: 0 | ABU4: 0 | ABV4: 0 | ABW4: 0 | ABX4: 0 | ABY4: 0 | ABZ4: 0 | ACA4: 0 | ACB4: 0 | ACC4: 0 | ACD4: 0 | ACE4: 0 | ACF4: 0 | ACG4: 0 | ACH4: 0 | ACI4: 0 | ACJ4: 0 | ACK4: 0 | ACL4: 0 | ACM4: 0 | ACN4: 0 | ACO4: 0 | ACP4: 0 | ACQ4: 0 | ACR4: 0 | ACS4: 0 | ACT4: 0 | ACU4: 0 | ACV4: 0 | ACW4: 0 | ACX4: 0 | ACY4: 0 | ACZ4: 0 | ADA4: 0 | ADB4: 0 | ADC4: 0 | ADD4: 0 | ADE4: 0 | ADF4: 0 | ADG4: 0 | ADH4: 0 | ADI4: 0 | ADJ4: 0 | ADK4: 0 | ADL4: 0 | ADM4: 0 | ADN4: 0 | ADO4: 0 | ADP4: 0 | ADQ4: 0 | ADR4: 0 | ADS4: 0 | ADT4: 0 | ADU4: 0 | ADV4: 0 | ADW4: 0 | ADX4: 0 | ADY4: 0 | ADZ4: 0 | AEA4: 0 | AEB4: 0 | AEC4: 0 | AED4: 0 | AEE4: 0 | AEF4: 0 | AEG4: 0 | AEH4: 0 | AEI4: 0 | AEJ4: 0 | AEK4: 0 | AEL4: 0 | AEM4: 0 | AEN4: 0 | AEO4: 0 | AEP4: 0 | AEQ4: 0 | AER4: 0 | AES4: 0 | AET4: 0 | AEU4: 0 | AEV4: 0 | AEW4: 0 | AEX4: 0 | AEY4: 0 | AEZ4: 0 | AFA4: 0 | AFB4: 0 | AFC4: 0 | AFD4: 0 | AFE4: 0 | AFF4: 0 | AFG4: 0 | AFH4: 0 | AFI4: 0 | AFJ4: 0 | AFK4: 0 | AFL4: 0 | AFM4: 0 | AFN4: 0 | AFO4: 0 | AFP4: 0 | AFQ4: 0 | AFR4: 0 | AFS4: 0 | AFT4: 1 | AFU4: 0 | AFV4: 0 | AFW4: 0 | AFX4: 0 | AFY4: 0 | AFZ4: 0 | AGA4: 0 | AGB4: 0 | AGC4: 0 | AGD4: 0 | AGE4: 0 | AGF4: 0 | AGG4: 0 | AGH4: 0 | AGI4: 0 | AGJ4: 0 | AGK4: 0 | AGL4: 0 | AGM4: 0 | AGN4: 0 | AGO4: 0 | AGP4: 0 | AGQ4: 0 | AGR4: 0 | AGS4: 0 | AGT4: 0 | AGU4: 0 | AGV4: 0 | AGW4: 0 | AGX4: 0 | AGY4: 0 | AGZ4: 0 | AHA4: 0 | AHB4: 0 | AHC4: 0 | AHD4: 0 | AHE4: 0 | AHF4: 0 | AHG4: 0 | AHH4: 0 | AHI4: 0 | AHJ4: 0 | AHK4: 0 | AHL4: 0 | AHM4: 0 | AHN4: 0 | AHO4: 0 | AHP4: 0 | AHQ4: 0 | AHR4: 0 | AHS4: 0 | AHT4: 0 | AHU4: 0 | AHV4: 0 | AHW4: 0 | AHX4: 0 | AHY4: 0 | AHZ4: 0 | AIA4: 0 | AIB4: 0 | AIC4: 0 | AID4: 0 | AIE4: 0 | AIF4: 0 | AIG4: 0 | AIH4: 0 | AII4: 0 | AIJ4: 0 | AIK4: 0 | AIL4: 0 | AIM4: 0 | AIN4: 0 | AIO4: 0 | AIP4: 0 | AIQ4: 0 | AIR4: 0 | AIS4: 0 | AIT4: 0 | AIU4: 0 | AIV4: 0 | AIW4: 0 | AIX4: 0 | AIY4: 0 | AIZ4: 0 | AJA4: 0 | AJB4: 0 | AJC4: 0 | AJD4: 0 | AJE4: 0 | AJF4: 0 | AJG4: 0 | AJH4: 0 | AJI4: 0 | AJJ4: 0 | AJK4: 0 | AJL4: 0 | AJM4: 0 | AJN4: 0 | AJO4: 0 | AJP4: 0 | AJQ4: 0 | AJR4: 0 | AJS4: 0 | AJT4: 0 | AJU4: 0 | AJV4: 0 | AJW4: 0 | AJX4: 0 | AJY4: 0 | AJZ4: 0 | AKA4: 0 | AKB4: 0 | AKC4: 0 | AKD4: 0 | AKE4: 0 | AKF4: 0 | AKG4: 0 | AKH4: 0 | AKI4: 0 | AKJ4: 0 | AKK4: 0 | AKL4: 0 | AKM4: 0 | AKN4: 0 | AKO4: 0 | AKP4: 0 | AKQ4: 0 | AKR4: 0 | AKS4: 0 | AKT4: 0 | AKU4: 0 | AKV4: 0 | AKW4: 0 | AKX4: 0 | AKY4: 0 | AKZ4: 0 | ALA4: 0 | ALB4: 0 | ALC4: 0 | ALD4: 0 | ALE4: 0 | ALF4: 0 | ALG4: 0 | ALH4: 0 | ALI4: 0 | ALJ4: 0 | ALK4: 0 | ALL4: 0 | ALM4: 0 | ALN4: 0 | ALO4: 0 | ALP4: 0 | ALQ4: 0 | ALR4: 0 | ALS4: 0 | ALT4: 0 | ALU4: 0 | ALV4: 0 | ALW4: 0 | ALX4: 0 | ALY4: 0 | ALZ4: 0 | AMA4: 0 | AMB4: 0 | AMC4: 0 | AMD4: 0 | AME4: 0 | AMF4: 0 | AMG4: 0 | AMH4: 0 | AMI4: 0 | AMJ4: 0 | AMK4: 0 | AML4: 0 | AMM4: 0 | AMN4: 0 | AMO4: 0 | AMP4: 0 | AMQ4: 0 | AMR4: 0 | AMS4: 0 | AMT4: 0 | AMU4: 0 | AMV4: 0 | AMW4: 0 | AMX4: 0 | AMY4: 0 | AMZ4: 0 | ANA4: 0 | ANB4: 0 | ANC4: 0 | AND4: 0 | ANE4: 0 | ANF4: 0 | ANG4: 0 | ANH4: 0 | ANI4: 0 | ANJ4: 0 | ANK4: 0 | ANL4: 0 | ANM4: 0 | ANN4: 0 | ANO4: 0 | ANP4: 0 | ANQ4: 0 | ANR4: 0 | ANS4: 0 | ANT4: 0 | ANU4: 0 | ANV4: 0 | ANW4: 0 | ANX4: 0 | ANY4: 0 | ANZ4: 0 | AOA4: 0 | AOB4: 0 | AOC4: 0 | AOD4: 0 | AOE4: 0 | AOF4: 0 | AOG4: 0 | AOH4: 0 | AOI4: 0 | AOJ4: 0 | AOK4: 0 | AOL4: 0 | AOM4: 0 | AON4: 0 | AOO4: 0 | AOP4: 0 | AOQ4: 0 | AOR4: 0 | AOS4: 0 | AOT4: 0 | AOU4: 0 | AOV4: 0 | AOW4: 0 | AOX4: 0 | AOY4: 0 | AOZ4: 0 | APA4: 0 | APB4: 0 | APC4: 0 | APD4: 0 | APE4: 0 | APF4: 0 | APG4: 0 | APH4: 0 | API4: 0 | APJ4: 0 | APK4: 0 | APL4: 0 | APM4: 0 | APN4: 0 | APO4: 0 | APP4: 0 | APQ4: 0 | APR4: 0 | APS4: 0 | APT4: 0 | APU4: 0 | APV4: 0 | APW4: 0 | APX4: 0 | APY4: 0 | APZ4: 0 | AQA4: 0 | AQB4: 0 | AQC4: 0 | AQD4: 0 | AQE4: 0 | AQF4: 0 | AQG4: 0 | AQH4: 0 | AQI4: 0 | AQJ4: 0 | AQK4: 0 | AQL4: 0 | AQM4: 0 | AQN4: 0 | AQO4: 0 | AQP4: 0 | AQQ4: 0 | AQR4: 0 | AQS4: 0 | AQT4: 0 | AQU4: 0 | AQV4: 0 | AQW4: 0 | AQX4: 0 | AQY4: 0 | AQZ4: 0 | ARA4: 0 | ARB4: 0 | ARC4: 0 | ARD4: 0 | ARE4: 0 | ARF4: 0 | ARG4: 0 | ARH4: 0 | ARI4: 0 | ARJ4: 0 | ARK4: 0 | ARL4: 0 | ARM4: 0 | ARN4: 0 | ARO4: 0 | ARP4: 0 | ARQ4: 0 | ARR4: 0 | ARS4: 0 | ART4: 0 | ARU4: 0 | ARV4: 0 | ARW4: 0 | ARX4: 0 | ARY4: 0 | ARZ4: 0 | ASA4: 0 | ASB4: 0 | ASC4: 0 | ASD4: 0 | ASE4: 0 | ASF4: 0 | ASG4: 0 | ASH4: 0 | ASI4: 0 | ASJ4: 0 | ASK4: 0 | ASL4: 0 | ASM4: 0 | ASN4: 0 | ASO4: 0 | ASP4: 0 | ASQ4: 0 | ASR4: 0 | ASS4: 0 | AST4: 0 | ASU4: 0 | ASV4: 0 | ASW4: 0 | ASX4: 0 | ASY4: 0 | ASZ4: 0 | ATA4: 0 | ATB4: 0 | ATC4: 0 | ATD4: 0 | ATE4: 0 | ATF4: 0 | ATG4: 0 | ATH4: 0 | ATI4: 0 | ATJ4: 0 | ATK4: 0 | ATL4: 0 | ATM4: 0 | ATN4: 0 | ATO4: 0 | ATP4: 0 | ATQ4: 0 | ATR4: 0 | ATS4: 0 | ATT4: 0 | ATU4: 0 | ATV4: 0 | ATW4: 0 | ATX4: 0 | ATY4: 0 | ATZ4: 0 | AUA4: 0 | AUB4: 0 | AUC4: 0 | AUD4: 0 | AUE4: 0 | AUF4: 0 | AUG4: 0 | AUH4: 0 | AUI4: 0 | AUJ4: 0 | AUK4: 0 | AUL4: 0 | AUM4: 0 | AUN4: 0 | AUO4: 0 | AUP4: 0 | AUQ4: 0 | AUR4: 0 | AUS4: 0 | AUT4: 0 | AUU4: 0 | AUV4: 0 | AUW4: 0 | AUX4: 0 | AUY4: 0 | AUZ4: 0 | AVA4: 0 | AVB4: 0 | AVC4: 0 | AVD4: 0 | AVE4: 0 | AVF4: 0 | AVG4: 0 | AVH4: 0 | AVI4: 0 | AVJ4: 0 | AVK4: 0 | AVL4: 0 | AVM4: 0 | AVN4: 0 | AVO4: 0 | AVP4: 0 | AVQ4: 0 | AVR4: 0 | AVS4: 0 | AVT4: 0 | AVU4: 0 | AVV4: 0 | AVW4: 0 | AVX4: 0 | AVY4: 0 | AVZ4: 0 | AWA4: 0 | AWB4: 0 | AWC4: 0 | AWD4: 0 | AWE4: 0 | AWF4: 0 | AWG4: 0 | AWH4: 0 | AWI4: 0 | AWJ4: 0 | AWK4: 0 | AWL4: 0 | AWM4: 0 | AWN4: 0 | AWO4: 0 | AWP4: 0 | AWQ4: 0 | AWR4: 0 | AWS4: 0 | AWT4: 0 | AWU4: 0 | AWV4: 0 | AWW4: 0 | AWX4: 0 | AWY4: 0 | AWZ4: 0 | AXA4: 0 | AXB4: 0 | AXC4: 0 | AXD4: 0 | AXE4: 0 | AXF4: 0 | AXG4: 0 | AXH4: 0 | AXI4: 0 | AXJ4: 0 | AXK4: 0 | AXL4: 0 | AXM4: 0 | AXN4: 0 | AXO4: 0 | AXP4: 0 | AXQ4: 0 | AXR4: 0 | AXS4: 0 | AXT4: 0 | AXU4: 0 | AXV4: 0 | AXW4: 0 | AXX4: 0 | AXY4: 0 | AXZ4: 0 | AYA4: 0 | AYB4: 0 | AYC4: 0 | AYD4: 0 | AYE4: 0 | AYF4: 0 | AYG4: 0 | AYH4: 0 | AYI4: 0 | AYJ4: 0 | AYK4: 0 | AYL4: 0 | AYM4: 0 | AYN4: 0 | AYO4: 0 | AYP4: 0 | AYQ4: 0 | AYR4: 0 | AYS4: 0 | AYT4: 0 | AYU4: 0 | AYV4: 0 | AYW4: 0 | AYX4: 0 | AYY4: 0 | AYZ4: 0 | AZA4: 0 | AZB4: 0 | AZC4: 0 | AZD4: 0 | AZE4: 0 | AZF4: 0 | AZG4: 0 | AZH4: 0 | AZI4: 0 | AZJ4: 0 | AZK4: 0 | AZL4: 0 | AZM4: 0 | AZN4: 0 | AZO4: 0 | AZP4: 0 | AZQ4: 0 | AZR4: 0 | AZS4: 0 | AZT4: 0 | AZU4: 0 | AZV4: 0 | AZW4: 0 | AZX4: 0 | AZY4: 0 | AZZ4: 0 | BAA4: 0 | BAB4: 0 | BAC4: 0 | BAD4: 0 | BAE4: 0 | BAF4: 0 | BAG4: 0 | BAH4: 0 | BAI4: 0 | BAJ4: 0 | BAK4: 0 | BAL4: 0 | BAM4: 0 | BAN4: 0 | BAO4: 0 | BAP4: 0 | BAQ4: 0 | BAR4: 0 | BAS4: 0 | BAT4: 0 | BAU4: 0 | BAV4: 0 | BAW4: 0 | BAX4: 0 | BAY4: 0 | BAZ4: 0 | BBA4: 0 | BBB4: 0 | BBC4: 0 | BBD4: 0 | BBE4: 0 | BBF4: 0 | BBG4: 0 | BBH4: 0 | BBI4: 0 | BBJ4: 0 | BBK4: 0 | BBL4: 0 | BBM4: 0 | BBN4: 0 | BBO4: 0 | BBP4: 0 | BBQ4: 0 | BBR4: 0 | BBS4: 0 | BBT4: 0 | BBU4: 0 | BBV4: 0 | BBW4: 0 | BBX4: 0 | BBY4: 0 | BBZ4: 0 | BCA4: 0 | BCB4: 0 | BCC4: 0 | BCD4: 0 | BCE4: 0 | BCF4: 0 | BCG4: 0 | BCH4: 0 | BCI4: 0 | BCJ4: 0 | BCK4: 0 | BCL4: 0 | BCM4: 0 | BCN4: 0 | BCO4: 0 | BCP4: 0 | BCQ4: 0 | BCR4: 0 | BCS4: 0 | BCT4: 0 | BCU4: 0 | BCV4: 0 | BCW4: 0 | BCX4: 0 | BCY4: 0 | BCZ4: 0 | BDA4: 0 | BDB4: 0 | BDC4: 0 | BDD4: 0 | BDE4: 0 | BDF4: 0 | BDG4: 0 | BDH4: 0 | BDI4: 0 | BDJ4: 0 | BDK4: 0 | BDL4: 0 | BDM4: 0 | BDN4: 0 | BDO4: 0 | BDP4: 0 | BDQ4: 0 | BDR4: 0 | BDS4: 0 | BDT4: 0 | BDU4: 0 | BDV4: 0 | BDW4: 0 | BDX4: 0 | BDY4: 0 | BDZ4: 0 | BEA4: 0 | BEB4: 0 | BEC4: 0 | BED4: 0 | BEE4: 0 | BEF4: 0 | BEG4: 0 | BEH4: 0 | BEI4: 0 | BEJ4: 0 | BEK4: 0 | BEL4: 0 | BEM4: 0 | BEN4: 0 | BEO4: 0 | BEP4: 0 | BEQ4: 0 | BER4: 0 | BES4: 0 | BET4: 0 | BEU4: 0 | BEV4: 0 | BEW4: 0 | BEX4: 0 | BEY4: 0 | BEZ4: 0 | BFA4: 0 | BFB4: 0 | BFC4: 0 | BFD4: 0 | BFE4: 0 | BFF4: 0 | BFG4: 0 | BFH4: 0 | BFI4: 0 | BFJ4: 0 | BFK4: 0 | BFL4: 0 | BFM4: 0 | BFN4: 0 | BFO4: 0 | BFP4: 0 | BFQ4: 0 | BFR4: 0 | BFS4: 0 | BFT4: 0 | BFU4: 0 | BFV4: 0 | BFW4: 0 | BFX4: 0 | BFY4: 0 | BFZ4: 0 | BGA4: 0 | BGB4: 0 | BGC4: 0 | BGD4: 0 | BGE4: 0 | BGF4: 0 | BGG4: 0 | BGH4: 0 | BGI4: 0 | BGJ4: 0 | BGK4: 0 | BGL4: 0 | BGM4: 0 | BGN4: 0 | BGO4: 0 | BGP4: 0 | BGQ4: 0 | BGR4: 0 | BGS4: 0 | BGT4: 0 | BGU4: 0 | BGV4: 0 | BGW4: 0 | BGX4: 0 | BGY4: 0 | BGZ4: 0 | BHA4: 0 | BHB4: 0 | BHC4: 0 | BHD4: 0 | BHE4: 0 | BHF4: 0 | BHG4: 0 | BHH4: 0 | BHI4: 0 | BHJ4: 0 | BHK4: 0 | BHL4: 0 | BHM4: 0 | BHN4: 0 | BHO4: 0 | BHP4: 0 | BHQ4: 0 | BHR4: 0 | BHS4: 0 | BHT4: 0 | BHU4: 0 | BHV4: 0 | BHW4: 0 | BHX4: 0 | BHY4: 0 | BHZ4: 0 | BIA4: 0 | BIB4: 0 | BIC4: 0 | BID4: 0 | BIE4: 0 | BIF4: 0 | BIG4: 0 | BIH4: 0 | BII4: 0 | BIJ4: 0 | BIK4: 0 | BIL4: 0 | BIM4: 0 | BIN4: 0 | BIO4: 0 | BIP4: 0 | BIQ4: 0 | BIR4: 0 | BIS4: 0 | BIT4: 0 | BIU4: 0 | BIV4: 0 | BIW4: 0 | BIX4: 0 | BIY4: 0 | BIZ4: 0 | BJA4: 0 | BJB4: 0 | BJC4: 0 | BJD4: 0 | BJE4: 0 | BJF4: 0 | BJG4: 0 | BJH4: 0 | BJI4: 0 | BJJ4: 0 | BJK4: 0 | BJL4: 0 | BJM4: 0 | BJN4: 0 | BJO4: 0 | BJP4: 0 | BJQ4: 0 | BJR4: 0 | BJS4: 0 | BJT4: 0 | BJU4: 0 | BJV4: 0 | BJW4: 0 | BJX4: 0 | BJY4: 0 | BJZ4: 0 | BKA4: 0 | BKB4: 0 | BKC4: 0 | BKD4: 0 | BKE4: 0 | BKF4: 0 | BKG4: 0 | BKH4: 0 | BKI4: 0 | BKJ4: 0 | BKK4: 0 | BKL4: 0 | BKM4: 0 | BKN4: 0 | BKO4: 0 | BKP4: 0 | BKQ4: 0 | BKR4: 0 | BKS4: 0 | BKT4: 0 | BKU4: 0 | BKV4: 0 | BKW4: 0 | BKX4: 0 | BKY4: 0 | BKZ4: 0 | BLA4: 0 | BLB4: 0 | BLC4: 0 | BLD4: 0 | BLE4: 0 | BLF4: 0 | BLG4: 0 | BLH4: 0 | BLI4: 0 | BLJ4: 0 | BLK4: 0 | BLL4: 0 | BLM4: 0 | BLN4: 0 | BLO4: 0 | BLP4: 0 | BLQ4: 0 | BLR4: 0 | BLS4: 0 | BLT4: 0 | BLU4: 0 | BLV4: 0 | BLW4: 0 | BLX4: 0 | BLY4: 0 | BLZ4: 0 | BMA4: 0 | BMB4: 0 | BMC4: 0 | BMD4: 0 | BME4: 0 | BMF4: 0 | BMG4: 0 | BMH4: 0 | BMI4: 0 | BMJ4: 0 | BMK4: 0 | BML4: 0 | BMM4: 0 | BMN4: 0 | BMO4: 0 | BMP4: 0 | BMQ4: 0 | BMR4: 0 | BMS4: 0 | BMT4: 0 | BMU4: 0 | BMV4: 0 | BMW4: 0 | BMX4: 0 | BMY4: 0 | BMZ4: 0 | BNA4: 0 | BNB4: 0 | BNC4: 0 | BND4: 0 | BNE4: 0 | BNF4: 0 | BNG4: 0 | BNH4: 0 | BNI4: 0 | BNJ4: 0 | BNK4: 0 | BNL4: 0 | BNM4: 0 | BNN4: 0 | BNO4: 0 | BNP4: 0 | BNQ4: 0 | BNR4: 0 | BNS4: 0 | BNT4: 0 | BNU4: 0 | BNV4: 0 | BNW4: 0 | BNX4: 0 | BNY4: 0 | BNZ4: 0 | BOA4: 0 | BOB4: 0 | BOC4: 0 | BOD4: 0 | BOE4: 0 | BOF4: 0 | BOG4: 0 | BOH4: 0 | BOI4: 0 | BOJ4: 0 | BOK4: 0 | BOL4: 0 | BOM4: 0 | BON4: 0 | BOO4: 0 | BOP4: 0 | BOQ4: 0 | BOR4: 0 | BOS4: 0 | BOT4: 0 | BOU4: 0 | BOV4: 0 | BOW4: 0 | BOX4: 0 | BOY4: 0 | BOZ4: 0 | BPA4: 0 | BPB4: 0 | BPC4: 0 | BPD4: 0 | BPE4: 0 | BPF4: 0 | BPG4: 0 | BPH4: 0 | BPI4: 0 | BPJ4: 0 | BPK4: 0 | BPL4: 0 | BPM4: 0 | BPN4: 0 | BPO4: 0 | BPP4: 0 | BPQ4: 0 | BPR4: 0 | BPS4: 0 | BPT4: 0 | BPU4: 0 | BPV4: 0 | BPW4: 0 | BPX4: 0 | BPY4: 0 | BPZ4: 0 | BQA4: 0 | BQB4: 0 | BQC4: 0 | BQD4: 0 | BQE4: 0 | BQF4: 0 | BQG4: 0 | BQH4: 0 | BQI4: 0 | BQJ4: 0 | BQK4: 0 | BQL4: 0 | BQM4: 0 | BQN4: 0 | BQO4: 0 | BQP4: 0 | BQQ4: 0 | BQR4: 0 | BQS4: 0 | BQT4: 0 | BQU4: 0 | BQV4: 0 | BQW4: 0 | BQX4: 0 | BQY4: 0 | BQZ4: 0 | BRA4: 0 | BRB4: 0 | BRC4: 0 | BRD4: 0 | BRE4: 0 | BRF4: 0 | BRG4: 0 | BRH4: 0 | BRI4: 0 | BRJ4: 0 | BRK4: 0 | BRL4: 0 | BRM4: 0 | BRN4: 0 | BRO4: 0 | BRP4: 0 | BRQ4: 0 | BRR4: 0 | BRS4: 0 | BRT4: 0 | BRU4: 0 | BRV4: 0 | BRW4: 0 | BRX4: 0 | BRY4: 0 | BRZ4: 0 | BSA4: 0 | BSB4: 0 | BSC4: 0 | BSD4: 0 | BSE4: 0 | BSF4: 0 | BSG4: 0 | BSH4: 0 | BSI4: 0 | BSJ4: 0 | BSK4: 0 | BSL4: 0 | BSM4: 0 | BSN4: 0 | BSO4: 0 | BSP4: 0 | BSQ4: 0 | BSR4: 0 | BSS4: 0 | BST4: 0 | BSU4: 0 | BSV4: 0 | BSW4: 0 | BSX4: 0 | BSY4: 0 | BSZ4: 0 | BTA4: 0 | BTB4: 0 | BTC4: 0 | BTD4: 0 | BTE4: 0 | BTF4: 0 | BTG4: 0 | BTH4: 0 | BTI4: 0 | BTJ4: 0 | BTK4: 0 | BTL4: 0 | BTM4: 0 | BTN4: 0 | BTO4: 0 | BTP4: 0 | BTQ4: 0 | BTR4: 0 | BTS4: 0 | BTT4: 0 | BTU4: 0 | BTV4: 0 | BTW4: 0 | BTX4: 0 | BTY4: 0 | BTZ4: 0 | BUA4: 0 | BUB4: 0 | BUC4: 0 | BUD4: 0 | BUE4: 0 | BUF4: 0 | BUG4: 0 | BUH4: 0 | BUI4: 0 | BUJ4: 0 | BUK4: 0 | BUL4: 0 | BUM4: 0 | BUN4: 0 | BUO4: 0 | BUP4: 0 | BUQ4: 0 | BUR4: 0 | BUS4: 0 | BUT4: 0 | BUU4: 0 | BUV4: 0 | BUW4: 0 | BUX4: 0 | BUY4: 0 | BUZ4: 0 | BVA4: 0 | BVB4: 0 | BVC4: 0 | BVD4: 0 | BVE4: 0 | BVF4: 0 | BVG4: 0 | BVH4: 0 | BVI4: 0 | BVJ4: 0 | BVK4: 0 | BVL4: 0 | BVM4: 0 | BVN4: 0 | BVO4: 0 | BVP4: 0 | BVQ4: 0 | BVR4: 0 | BVS4: 0 | BVT4: 0 | BVU4: 0 | BVV4: 0 | BVW4: 0 | BVX4: 0 | BVY4: 0 | BVZ4: 0 | BWA4: 0 | BWB4: 0 | BWC4: 0 | BWD4: 0 | BWE4: 0 | BWF4: 0 | BWG4: 0 | BWH4: 0 | BWI4: 0 | BWJ4: 0 | BWK4: 0 | BWL4: 0 | BWM4: 0 | BWN4: 0 | BWO4: 0 | BWP4: 0 | BWQ4: 0 | BWR4: 0 | BWS4: 0 | BWT4: 0 | BWU4: 0 | BWV4: 0 | BWW4: 0 | BWX4: 0 | BWY4: 0 | BWZ4: 0 | BXA4: 0 | BXB4: 0 | BXC4: 0 | BXD4: 0 | BXE4: 0 | BXF4: 0 | BXG4: 0 | BXH4: 0 | BXI4: 0 | BXJ4: 0 | BXK4: 0 | BXL4: 0 | BXM4: 0 | BXN4: 0 | BXO4: 0 | BXP4: 0 | BXQ4: 0 | BXR4: 0 | BXS4: 0 | BXT4: 0 | BXU4: 0 | BXV4: 0 | BXW4: 0 | BXX4: 0 | BXY4: 0 | BXZ4: 0 | BYA4: 0 | BYB4: 0 | BYC4: 0 | BYD4: 0 | BYE4: 0 | BYF4: 0 | BYG4: 0 | BYH4: 0 | BYI4: 0 | BYJ4: 0 | BYK4: 0 | BYL4: 0 | BYM4: 0 | BYN4: 0 | BYO4: 0 | BYP4: 0 | BYQ4: 0 | BYR4: 0 | BYS4: 0 | BYT4: 0 | BYU4: 0 | BYV4: 0 | BYW4: 0 | BYX4: 0 | BYY4: 0 | BYZ4: 0 | BZA4: 0 | BZB4: 0 | BZC4: 0 | BZD4: 0 | BZE4: 0 | BZF4: 0 | BZG4: 0 | BZH4: 0 | BZI4: 0 | BZJ4: 0 | BZK4: 0 | BZL4: 0 | BZM4: 0 | BZN4: 0 | BZO4: 0 | BZP4: 0 | BZQ4: 0 | BZR4: 0 | BZS4: 0 | BZT4: 0 | BZU4: 0 | BZV4: 0 | BZW4: 0 | BZX4: 0 | BZY4: 0 | BZZ4: 0 | CAA4: 0 | CAB4: 0 | CAC4: 0 | CAD4: 0 | CAE4: 0 | CAF4: 0 | CAG4: 0 | CAH4: 0 | CAI4: 0 | CAJ4: 0 | CAK4: 0 | CAL4: 0 | CAM4: 0 | CAN4: 0 | CAO4: 0 | CAP4: 0 | CAQ4: 0 | CAR4: 0 | CAS4: 0 | CAT4: 0 | CAU4: 0 | CAV4: 0 | CAW4: 0 | CAX4: 0 | CAY4: 0 | CAZ4: 0 | CBA4: 0 | CBB4: 0 | CBC4: 0 | CBD4: 0 | CBE4: 0 | CBF4: 0 | CBG4: 0 | CBH4: 0 | CBI4: 0 | CBJ4: 0 | CBK4: 0 | CBL4: 0 | CBM4: 0 | CBN4: 0 | CBO4: 0 | CBP4: 0 | CBQ4: 0 | CBR4: 0 | CBS4: 0 | CBT4: 0 | CBU4: 0 | CBV4: 0 | CBW4: 0 | CBX4: 0 | CBY4: 0 | CBZ4: 0 | CCA4: 0 | CCB4: 0 | CCC4: 0 | CCD4: 0 | CCE4: 0 | CCF4: 0 | CCG4: 0 | CCH4: 0 | CCI4: 0 | CCJ4: 0 | CCK4: 0 | CCL4: 0 | CCM4: 0 | CCN4: 0 | CCO4: 0 | CCP4: 0 | CCQ4: 0 | CCR4: 0 | CCS4: 0 | CCT4: 0 | CCU4: 0 | CCV4: 0 | CCW4: 0 | CCX4: 0 | CCY4: 0 | CCZ4: 0 | CDA4: 0 | CDB4: 0 | CDC4: 0 | CDD4: 0 | CDE4: 0 | CDF4: 0 | CDG4: 0 | CDH4: 0 | CDI4: 0 | CDJ4: 0 | CDK4: 0 | CDL4: 0 | CDM4: 0 | CDN4: 0 | CDO4: 0 | CDP4: 0 | CDQ4: 0 | CDR4: 0 | CDS4: 0 | CDT4: 0 | CDU4: 0 | CDV4: 0 | CDW4: 0 | CDX4: 0 | CDY4: 0 | CDZ4: 0 | CEA4: 0 | CEB4: 0 | CEC4: 0 | CED4: 0 | CEE4: 0 | CEF4: 0 | CEG4: 0 | CEH4: 0 | CEI4: 0 | CEJ4: 0 | CEK4: 0 | CEL4: 0 | CEM4: 0 | CEN4: 0 | CEO4: 0 | CEP4: 0 | CEQ4: 0 | CER4: 0 | CES4: 0 | CET4: 0 | CEU4: 0 | CEV4: 0 | CEW4: 0 | CEX4: 0 | CEY4: 0 | CEZ4: 0 | CFA4: 0 | CFB4: 0 | CFC4: 0 | CFD4: 0 | CFE4: 0 | CFF4: 0 | CFG4: 0 | CFH4: 0 | CFI4: 0 | CFJ4: 0 | CFK4: 0 | CFL4: 0 | CFM4: 0 | CFN4: 0 | CFO4: 0 | CFP4: 0 | CFQ4: 0 | CFR4: 0 | CFS4: 0 | CFT4: 0 | CFU4: 0 | CFV4: 0 | CFW4: 0 | CFX4: 0 | CFY4: 0 | CFZ4: 0 | CGA4: 0 | CGB4: 0 | CGC4: 0 | CGD4: 0 | CGE4: 0 | CGF4: 0 | CGG4: 0 | CGH4: 0 | CGI4: 0 | CGJ4: 0 | CGK4: 0 | CGL4: 0 | CGM4: 0 | CGN4: 0 | CGO4: 0 | CGP4: 0 | CGQ4: 0 | CGR4: 0 | CGS4: 0 | CGT4: 0 | CGU4: 0 | CGV4: 0 | CGW4: 0 | CGX4: 0 | CGY4: 0 | CGZ4: 0 | CHA4: 0 | CHB4: 0 | CHC4: 0 | CHD4: 0 | CHE4: 0 | CHF4: 0 | CHG4: 0 | CHH4: 0 | CHI4: 0 | CHJ4: 0 | CHK4: 0 | CHL4: 0 | CHM4: 0 | CHN4: 0 | CHO4: 0 | CHP4: 0 | CHQ4: 0 | CHR4: 0 | CHS4: 0 | CHT4: 0 | CHU4: 0 | CHV4: 0 | CHW4: 0 | CHX4: 0 | CHY4: 0 | CHZ4: 0 | CIA4: 0 | CIB4: 0 | CIC4: 0 | CID4: 0 | CIE4: 0 | CIF4: 0 | CIG4: 0 | CIH4: 0 | CII4: 0 | CIJ4: 0 | CIK4: 0 | CIL4: 0 | CIM4: 0 | CIN4: 0 | CIO4: 0 | CIP4: 0 | CIQ4: 0 | CIR4: 0 | CIS4: 0 | CIT4: 0 | CIU4: 0 | CIV4: 0 | CIW4: 0 | CIX4: 0 | CIY4: 0 | CIZ4: 0 | CJA4: 0 | CJB4: 0 | CJC4: 0 | CJD4: 0 | CJE4: 0 | CJF4: 0 | CJG4: 0 | CJH4: 0 | CJI4: 0 | CJJ4: 0 | CJK4: 0 | CJL4: 0 | CJM4: 0 | CJN4: 0 | CJO4: 0 | CJP4: 0 | CJQ4: 0 | CJR4: 0 | CJS4: 0 | CJT4: 0 | CJU4: 0 | CJV4: 0 | CJW4: 0 | CJX4: 0 | CJY4: 0 | CJZ4: 0 | CKA4: 0 | CKB4: 0 | CKC4: 0 | CKD4: 0 | CKE4: 0 | CKF4: 0 | CKG4: 0 | CKH4: 0 | CKI4: 0 | CKJ4: 0 | CKK4: 0 | CKL4: 0 | CKM4: 0 | CKN4: 0 | CKO4: 0 | CKP4: 0 | CKQ4: 0 | CKR4: 0 | CKS4: 0 | CKT4: 0 | CKU4: 0 | CKV4: 0 | CKW4: 0 | CKX4: 0 | CKY4: 0 | CKZ4: 0 | CLA4: 0 | CLB4: 0 | CLC4: 0 | CLD4: 0 | CLE4: 0 | CLF4: 0 | CLG4: 0 | CLH4: 0 | CLI4: 0 | CLJ4: 0 | CLK4: 0 | CLL4: 0 | CLM4: 0 | CLN4: 0 | CLO4: 0 | CLP4: 0 | CLQ4: 0 | CLR4: 0 | CLS4: 0 | CLT4: 0 | CLU4: 0 | CLV4: 0 | CLW4: 0 | CLX4: 0 | CLY4: 0 | CLZ4: 0 | CMA4: 0 | CMB4: 0 | CMC4: 0 | CMD4: 0 | CME4: 0 | CMF4: 0 | CMG4: 0 | CMH4: 0 | CMI4: 0 | CMJ4: 0 | CMK4: 0 | CML4: 0 | CMM4: 0 | CMN4: 0 | CMO4: 0 | CMP4: 0 | CMQ4: 0 | CMR4: 0 | CMS4: 0 | CMT4: 0 | CMU4: 0 | CMV4: 0 | CMW4: 0 | CMX4: 0 | CMY4: 0 | CMZ4: 0 | CNA4: 0 | CNB4: 0 | CNC4: 0 | CND4: 0 | CNE4: 0 | CNF4: 0 | CNG4: 0 | CNH4: 0 | CNI4: 0 | CNJ4: 0 | CNK4: 0 | CNL4: 0 | CNM4: 0 | CNN4: 0 | CNO4: 0 | CNP4: 0 | CNQ4: 0 | CNR4: 0 | CNS4: 0 | CNT4: 0 | CNU4: 0 | CNV4: 0 | CNW4: 0 | CNX4: 0 | CNY4: 0 | CNZ4: 0 | COA4: 0 | COB4: 0 | COC4: 0 | COD4: 0 | COE4: 0 | COF4: 0 | COG4: 0 | COH4: 0 | COI4: 0 | COJ4: 0 | COK4: 0 | COL4: 0 | COM4: 0 | CON4: 0 | COO4: 0 | COP4: 0 | COQ4: 0 | COR4: 0 | COS4: 0 | COT4: 0 | COU4: 0 | COV4: 0 | COW4: 0 | COX4: 0 | COY4: 0 | COZ4: 0 | CPA4: 0 | CPB4: 0 | CPC4: 0 | CPD4: 0 | CPE4: 0 | CPF4: 0 | CPG4: 0 | CPH4: 0 | CPI4: 0 | CPJ4: 0 | CPK4: 0 | CPL4: 0 | CPM4: 0 | CPN4: 0 | CPO4: 0 | CPP4: 0 | CPQ4: 0 | CPR4: 0 | CPS4: 0 | CPT4: 0 | CPU4: 0 | CPV4: 0 | CPW4: 0 | CPX4: 0 | CPY4: 0 | CPZ4: 0 | CQA4: 0 | CQB4: 0 | CQC4: 0 | CQD4: 0 | CQE4: 0 | CQF4: 0 | CQG4: 0 | CQH4: 0 | CQI4: 0 | CQJ4: 0 | CQK4: 0 | CQL4: 0 | CQM4: 0 | CQN4: 0 | CQO4: 0 | CQP4: 0 | CQQ4: 0 | CQR4: 0 | CQS4: 0 | CQT4: 0 | CQU4: 0 | CQV4: 0 | CQW4: 0 | CQX4: 0 | CQY4: 0 | CQZ4: 0 | CRA4: 0 | CRB4: 0 | CRC4: 0 | CRD4: 0 | CRE4: 0 | CRF4: 0 | CRG4: 0 | CRH4: 0 | CRI4: 0 | CRJ4: 0 | CRK4: 0 | CRL4: 0 | CRM4: 0 | CRN4: 0 | CRO4: 0 | CRP4: 0 | CRQ4: 0 | CRR4: 0 | CRS4: 0 | CRT4: 0 | CRU4: 0 | CRV4: 0 | CRW4: 0 | CRX4: 0 | CRY4: 0 | CRZ4: 0 | CSA4: 0 | CSB4: 0 | CSC4: 0 | CSD4: 0 | CSE4: 0 | CSF4: 0 | CSG4: 0 | CSH4: 0 | CSI4: 0 | CSJ4: 0 | CSK4: 0 | CSL4: 0 | CSM4: 0 | CSN4: 0 | CSO4: 0 | CSP4: 0 | CSQ4: 0 | CSR4: 0 | CSS4: 0 | CST4: 0 | CSU4: 0 | CSV4: 0 | CSW4: 0 | CSX4: 0 | CSY4: 0 | CSZ4: 0 | CTA4: 0 | CTB4: 0 | CTC4: 0 | CTD4: 0 | CTE4: 0
A5: sample_4_DIP | B5: 7197 | C5: 1 | D5: 1 | E5: 6 | F5: 566 | G5: 1 | H5: 0 | I5: 3 | J5: 0 | K5: 0 | L5: 0 | M5: 0 | N5: 0 | O5: 4 | P5: 0 | Q5: 0 | R5: 0 | S5: 0 | T5: 1 | U5: 7 | V5: 0 | W5: 0 | X5: 0 | Y5: 0 | Z5: 0 | AA5: 0 | AB5: 0 | AC5: 1 | AD5: 0 | AE5: 1 | AF5: 2 | AG5: 0 | AH5: 0 | AI5: 0 | AJ5: 0 | AK5: 50 | AL5: 0 | AM5: 0 | AN5: 1 | AO5: 0 | AP5: 1 | AQ5: 1 | AR5: 0 | AS5: 0 | AT5: 0 | AU5: 0 | AV5: 0 | AW5: 0 | AX5: 3 | AY5: 0 | AZ5: 0 | BA5: 0 | BB5: 0 | BC5: 1 | BD5: 0 | BE5: 0 | BF5: 1 | BG5: 0 | BH5: 0 | BI5: 0 | BJ5: 0 | BK5: 0 | BL5: 0 | BM5: 25 | BN5: 0 | BO5: 0 | BP5: 0 | BQ5: 23 | BR5: 1 | BS5: 0 | BT5: 27 | BU5: 30 | BV5: 22 | BW5: 0 | BX5: 31 | BY5: 0 | BZ5: 0 | CA5: 33 | CB5: 0 | CC5: 14 | CD5: 17 | CE5: 16 | CF5: 16 | CG5: 0 | CH5: 0 | CI5: 18 | CJ5: 21 | CK5: 0 | CL5: 22 | CM5: 18 | CN5: 0 | CO5: 0 | CP5: 16 | CQ5: 0 | CR5: 0 | CS5: 28 | CT5: 0 | CU5: 28 | CV5: 0 | CW5: 20 | CX5: 0 | CY5: 0 | CZ5: 0 | DA5: 19 | DB5: 0 | DC5: 18 | DD5: 1 | DE5: 0 | DF5: 24 | DG5: 23 | DH5: 0 | DI5: 0 | DJ5: 18 | DK5: 0 | DL5: 0 | DM5: 0 | DN5: 0 | DO5: 0 | DP5: 0 | DQ5: 0 | DR5: 0 | DS5: 0 | DT5: 0 | DU5: 0 | DV5: 7 | DW5: 0 | DX5: 0 | DY5: 0 | DZ5: 13 | EA5: 0 | EB5: 17 | EC5: 0 | ED5: 11 | EE5: 6 | EF5: 0 | EG5: 0 | EH5: 12 | EI5: 0 | EJ5: 0 | EK5: 9 | EL5: 0 | EM5: 0 | EN5: 0 | EO5: 0 | EP5: 0 | EQ5: 0 | ER5: 0 | ES5: 0 | ET5: 0 | EU5: 0 | EV5: 0 | EW5: 0 | EX5: 0 | EY5: 0 | EZ5: 0 | FA5: 0 | FB5: 0 | FC5: 0 | FD5: 4 | FE5: 0 | FF5: 0 | FG5: 0 | FH5: 0 | FI5: 0 | FJ5: 0 | FK5: 0 | FL5: 0 | FM5: 0 | FN5: 7 | FO5: 0 | FP5: 0 | FQ5: 0 | FR5: 0 | FS5: 0 | FT5: 0 | FU5: 0 | FV5: 2 | FW5: 0 | FX5: 0 | FY5: 0 | FZ5: 0 | GA5: 6 | GB5: 0 | GC5: 1 | GD5: 0 | GE5: 8 | GF5: 0 | GG5: 0 | GH5: 7 | GI5: 0 | GJ5: 0 | GK5: 0 | GL5: 7 | GM5: 0 | GN5: 5 | GO5: 0 | GP5: 0 | GQ5: 1 | GR5: 4 | GS5: 0 | GT5: 0 | GU5: 0 | GV5: 0 | GW5: 0 | GX5: 0 | GY5: 0 | GZ5: 0 | HA5: 1 | HB5: 0 | HC5: 0 | HD5: 4 | HE5: 0 | HF5: 0 | HG5: 0 | HH5: 0 | HI5: 1 | HJ5: 0 | HK5: 0 | HL5: 4 | HM5: 0 | HN5: 0 | HO5: 3 | HP5: 7 | HQ5: 0 | HR5: 3 | HS5: 0 | HT5: 3 | HU5: 0 | HV5: 0 | HW5: 0 | HX5: 0 | HY5: 0 | HZ5: 0 | IA5: 0 | IB5: 0 | IC5: 0 | ID5: 0 | IE5: 0 | IF5: 0 | IG5: 0 | IH5: 0 | II5: 0 | IJ5: 0 | IK5: 0 | IL5: 0 | IM5: 0 | IN5: 0 | IO5: 0 | IP5: 0 | IQ5: 0 | IR5: 0 | IS5: 0 | IT5: 0 | IU5: 0 | IV5: 0 | IW5: 0 | IX5: 0 | IY5: 0 | IZ5: 0 | JA5: 0 | JB5: 0 | JC5: 0 | JD5: 0 | JE5: 0 | JF5: 0 | JG5: 0 | JH5: 0 | JI5: 0 | JJ5: 0 | JK5: 0 | JL5: 0 | JM5: 0 | JN5: 0 | JO5: 0 | JP5: 0 | JQ5: 0 | JR5: 0 | JS5: 0 | JT5: 0 | JU5: 0 | JV5: 0 | JW5: 0 | JX5: 0 | JY5: 0 | JZ5: 0 | KA5: 0 | KB5: 0 | KC5: 0 | KD5: 0 | KE5: 0 | KF5: 0 | KG5: 0 | KH5: 0 | KI5: 0 | KJ5: 0 | KK5: 0 | KL5: 0 | KM5: 0 | KN5: 0 | KO5: 0 | KP5: 0 | KQ5: 0 | KR5: 0 | KS5: 0 | KT5: 0 | KU5: 0 | KV5: 0 | KW5: 0 | KX5: 0 | KY5: 0 | KZ5: 0 | LA5: 0 | LB5: 0 | LC5: 0 | LD5: 0 | LE5: 0 | LF5: 0 | LG5: 0 | LH5: 0 | LI5: 0 | LJ5: 0 | LK5: 0 | LL5: 1 | LM5: 0 | LN5: 0 | LO5: 0 | LP5: 0 | LQ5: 0 | LR5: 0 | LS5: 0 | LT5: 0 | LU5: 0 | LV5: 0 | LW5: 0 | LX5: 0 | LY5: 0 | LZ5: 0 | MA5: 0 | MB5: 0 | MC5: 0 | MD5: 0 | ME5: 0 | MF5: 0 | MG5: 0 | MH5: 0 | MI5: 0 | MJ5: 0 | MK5: 0 | ML5: 0 | MM5: 0 | MN5: 0 | MO5: 0 | MP5: 0 | MQ5: 0 | MR5: 0 | MS5: 0 | MT5: 0 | MU5: 0 | MV5: 0 | MW5: 0 | MX5: 0 | MY5: 0 | MZ5: 0 | NA5: 0 | NB5: 0 | NC5: 0 | ND5: 0 | NE5: 0 | NF5: 0 | NG5: 0 | NH5: 0 | NI5: 0 | NJ5: 0 | NK5: 0 | NL5: 0 | NM5: 0 | NN5: 0 | NO5: 0 | NP5: 0 | NQ5: 0 | NR5: 0 | NS5: 0 | NT5: 0 | NU5: 0 | NV5: 0 | NW5: 0 | NX5: 0 | NY5: 0 | NZ5: 0 | OA5: 0 | OB5: 0 | OC5: 0 | OD5: 0 | OE5: 0 | OF5: 0 | OG5: 0 | OH5: 0 | OI5: 0 | OJ5: 0 | OK5: 0 | OL5: 0 | OM5: 0 | ON5: 0 | OO5: 0 | OP5: 0 | OQ5: 0 | OR5: 0 | OS5: 0 | OT5: 0 | OU5: 0 | OV5: 0 | OW5: 0 | OX5: 0 | OY5: 0 | OZ5: 0 | PA5: 0 | PB5: 0 | PC5: 0 | PD5: 0 | PE5: 0 | PF5: 0 | PG5: 0 | PH5: 0 | PI5: 0 | PJ5: 0 | PK5: 0 | PL5: 0 | PM5: 0 | PN5: 0 | PO5: 0 | PP5: 0 | PQ5: 0 | PR5: 0 | PS5: 0 | PT5: 0 | PU5: 0 | PV5: 0 | PW5: 0 | PX5: 0 | PY5: 0 | PZ5: 0 | QA5: 0 | QB5: 0 | QC5: 0 | QD5: 0 | QE5: 0 | QF5: 0 | QG5: 0 | QH5: 0 | QI5: 0 | QJ5: 0 | QK5: 0 | QL5: 1 | QM5: 0 | QN5: 0 | QO5: 0 | QP5: 0 | QQ5: 0 | QR5: 0 | QS5: 0 | QT5: 0 | QU5: 0 | QV5: 0 | QW5: 0 | QX5: 0 | QY5: 0 | QZ5: 0 | RA5: 0 | RB5: 0 | RC5: 2 | RD5: 0 | RE5: 0 | RF5: 0 | RG5: 0 | RH5: 0 | RI5: 0 | RJ5: 0 | RK5: 0 | RL5: 0 | RM5: 0 | RN5: 0 | RO5: 0 | RP5: 0 | RQ5: 0 | RR5: 0 | RS5: 0 | RT5: 0 | RU5: 0 | RV5: 0 | RW5: 0 | RX5: 0 | RY5: 0 | RZ5: 0 | SA5: 0 | SB5: 0 | SC5: 0 | SD5: 0 | SE5: 0 | SF5: 0 | SG5: 0 | SH5: 0 | SI5: 0 | SJ5: 0 | SK5: 0 | SL5: 0 | SM5: 0 | SN5: 0 | SO5: 0 | SP5: 0 | SQ5: 0 | SR5: 0 | SS5: 0 | ST5: 0 | SU5: 0 | SV5: 0 | SW5: 0 | SX5: 0 | SY5: 0 | SZ5: 0 | TA5: 0 | TB5: 0 | TC5: 0 | TD5: 0 | TE5: 0 | TF5: 0 | TG5: 0 | TH5: 0 | TI5: 0 | TJ5: 0 | TK5: 0 | TL5: 0 | TM5: 0 | TN5: 0 | TO5: 0 | TP5: 0 | TQ5: 0 | TR5: 0 | TS5: 0 | TT5: 0 | TU5: 0 | TV5: 0 | TW5: 0 | TX5: 0 | TY5: 0 | TZ5: 0 | UA5: 0 | UB5: 0 | UC5: 0 | UD5: 0 | UE5: 0 | UF5: 0 | UG5: 0 | UH5: 0 | UI5: 0 | UJ5: 0 | UK5: 0 | UL5: 0 | UM5: 0 | UN5: 0 | UO5: 0 | UP5: 0 | UQ5: 0 | UR5: 0 | US5: 0 | UT5: 0 | UU5: 0 | UV5: 0 | UW5: 0 | UX5: 0 | UY5: 0 | UZ5: 0 | VA5: 0 | VB5: 0 | VC5: 0 | VD5: 0 | VE5: 0 | VF5: 0 | VG5: 0 | VH5: 0 | VI5: 0 | VJ5: 0 | VK5: 0 | VL5: 0 | VM5: 0 | VN5: 0 | VO5: 0 | VP5: 0 | VQ5: 0 | VR5: 0 | VS5: 0 | VT5: 0 | VU5: 0 | VV5: 0 | VW5: 0 | VX5: 0 | VY5: 0 | VZ5: 0 | WA5: 0 | WB5: 0 | WC5: 0 | WD5: 0 | WE5: 0 | WF5: 0 | WG5: 0 | WH5: 0 | WI5: 0 | WJ5: 0 | WK5: 0 | WL5: 0 | WM5: 0 | WN5: 0 | WO5: 0 | WP5: 0 | WQ5: 0 | WR5: 0 | WS5: 0 | WT5: 0 | WU5: 0 | WV5: 0 | WW5: 0 | WX5: 0 | WY5: 0 | WZ5: 0 | XA5: 0 | XB5: 0 | XC5: 0 | XD5: 0 | XE5: 0 | XF5: 0 | XG5: 0 | XH5: 0 | XI5: 0 | XJ5: 0 | XK5: 0 | XL5: 0 | XM5: 0 | XN5: 0 | XO5: 0 | XP5: 0 | XQ5: 0 | XR5: 0 | XS5: 0 | XT5: 0 | XU5: 0 | XV5: 0 | XW5: 0 | XX5: 0 | XY5: 0 | XZ5: 0 | YA5: 0 | YB5: 0 | YC5: 0 | YD5: 0 | YE5: 0 | YF5: 0 | YG5: 0 | YH5: 0 | YI5: 0 | YJ5: 0 | YK5: 0 | YL5: 0 | YM5: 0 | YN5: 0 | YO5: 0 | YP5: 0 | YQ5: 0 | YR5: 0 | YS5: 0 | YT5: 0 | YU5: 0 | YV5: 0 | YW5: 0 | YX5: 0 | YY5: 0 | YZ5: 0 | ZA5: 0 | ZB5: 0 | ZC5: 0 | ZD5: 0 | ZE5: 0 | ZF5: 0 | ZG5: 0 | ZH5: 0 | ZI5: 0 | ZJ5: 0 | ZK5: 0 | ZL5: 0 | ZM5: 0 | ZN5: 0 | ZO5: 0 | ZP5: 0 | ZQ5: 0 | ZR5: 0 | ZS5: 0 | ZT5: 0 | ZU5: 0 | ZV5: 0 | ZW5: 0 | ZX5: 0 | ZY5: 0 | ZZ5: 0 | AAA5: 0 | AAB5: 0 | AAC5: 0 | AAD5: 0 | AAE5: 0 | AAF5: 0 | AAG5: 0 | AAH5: 0 | AAI5: 0 | AAJ5: 0 | AAK5: 0 | AAL5: 0 | AAM5: 0 | AAN5: 0 | AAO5: 0 | AAP5: 0 | AAQ5: 0 | AAR5: 0 | AAS5: 0 | AAT5: 0 | AAU5: 0 | AAV5: 0 | AAW5: 0 | AAX5: 0 | AAY5: 0 | AAZ5: 0 | ABA5: 0 | ABB5: 0 | ABC5: 0 | ABD5: 0 | ABE5: 0 | ABF5: 0 | ABG5: 0 | ABH5: 0 | ABI5: 0 | ABJ5: 0 | ABK5: 0 | ABL5: 0 | ABM5: 0 | ABN5: 0 | ABO5: 0 | ABP5: 0 | ABQ5: 0 | ABR5: 0 | ABS5: 0 | ABT5: 0 | ABU5: 0 | ABV5: 0 | ABW5: 0 | ABX5: 0 | ABY5: 0 | ABZ5: 0 | ACA5: 0 | ACB5: 0 | ACC5: 0 | ACD5: 0 | ACE5: 0 | ACF5: 0 | ACG5: 0 | ACH5: 0 | ACI5: 0 | ACJ5: 0 | ACK5: 0 | ACL5: 0 | ACM5: 0 | ACN5: 0 | ACO5: 0 | ACP5: 0 | ACQ5: 0 | ACR5: 0 | ACS5: 0 | ACT5: 0 | ACU5: 0 | ACV5: 0 | ACW5: 0 | ACX5: 0 | ACY5: 0 | ACZ5: 0 | ADA5: 0 | ADB5: 0 | ADC5: 0 | ADD5: 0 | ADE5: 0 | ADF5: 0 | ADG5: 0 | ADH5: 0 | ADI5: 0 | ADJ5: 0 | ADK5: 0 | ADL5: 0 | ADM5: 0 | ADN5: 0 | ADO5: 0 | ADP5: 0 | ADQ5: 0 | ADR5: 0 | ADS5: 0 | ADT5: 0 | ADU5: 0 | ADV5: 0 | ADW5: 0 | ADX5: 0 | ADY5: 0 | ADZ5: 0 | AEA5: 0 | AEB5: 0 | AEC5: 0 | AED5: 0 | AEE5: 0 | AEF5: 0 | AEG5: 0 | AEH5: 0 | AEI5: 0 | AEJ5: 0 | AEK5: 0 | AEL5: 0 | AEM5: 0 | AEN5: 0 | AEO5: 0 | AEP5: 0 | AEQ5: 0 | AER5: 0 | AES5: 0 | AET5: 0 | AEU5: 0 | AEV5: 0 | AEW5: 0 | AEX5: 0 | AEY5: 0 | AEZ5: 0 | AFA5: 0 | AFB5: 0 | AFC5: 0 | AFD5: 0 | AFE5: 0 | AFF5: 0 | AFG5: 0 | AFH5: 0 | AFI5: 0 | AFJ5: 0 | AFK5: 0 | AFL5: 0 | AFM5: 0 | AFN5: 0 | AFO5: 0 | AFP5: 0 | AFQ5: 0 | AFR5: 0 | AFS5: 0 | AFT5: 0 | AFU5: 0 | AFV5: 0 | AFW5: 0 | AFX5: 0 | AFY5: 0 | AFZ5: 0 | AGA5: 0 | AGB5: 0 | AGC5: 0 | AGD5: 0 | AGE5: 0 | AGF5: 0 | AGG5: 0 | AGH5: 0 | AGI5: 0 | AGJ5: 0 | AGK5: 0 | AGL5: 0 | AGM5: 0 | AGN5: 0 | AGO5: 0 | AGP5: 0 | AGQ5: 0 | AGR5: 0 | AGS5: 0 | AGT5: 0 | AGU5: 0 | AGV5: 0 | AGW5: 0 | AGX5: 0 | AGY5: 0 | AGZ5: 0 | AHA5: 0 | AHB5: 0 | AHC5: 0 | AHD5: 0 | AHE5: 0 | AHF5: 0 | AHG5: 0 | AHH5: 0 | AHI5: 0 | AHJ5: 0 | AHK5: 0 | AHL5: 0 | AHM5: 0 | AHN5: 0 | AHO5: 0 | AHP5: 0 | AHQ5: 0 | AHR5: 0 | AHS5: 0 | AHT5: 0 | AHU5: 0 | AHV5: 0 | AHW5: 0 | AHX5: 0 | AHY5: 0 | AHZ5: 0 | AIA5: 0 | AIB5: 0 | AIC5: 0 | AID5: 0 | AIE5: 0 | AIF5: 0 | AIG5: 0 | AIH5: 0 | AII5: 0 | AIJ5: 0 | AIK5: 0 | AIL5: 0 | AIM5: 0 | AIN5: 0 | AIO5: 0 | AIP5: 0 | AIQ5: 0 | AIR5: 0 | AIS5: 0 | AIT5: 0 | AIU5: 0 | AIV5: 0 | AIW5: 0 | AIX5: 0 | AIY5: 0 | AIZ5: 0 | AJA5: 0 | AJB5: 0 | AJC5: 0 | AJD5: 0 | AJE5: 0 | AJF5: 0 | AJG5: 0 | AJH5: 0 | AJI5: 0 | AJJ5: 0 | AJK5: 0 | AJL5: 0 | AJM5: 0 | AJN5: 0 | AJO5: 0 | AJP5: 0 | AJQ5: 0 | AJR5: 0 | AJS5: 0 | AJT5: 0 | AJU5: 0 | AJV5: 0 | AJW5: 0 | AJX5: 0 | AJY5: 0 | AJZ5: 0 | AKA5: 0 | AKB5: 0 | AKC5: 0 | AKD5: 0 | AKE5: 0 | AKF5: 0 | AKG5: 0 | AKH5: 0 | AKI5: 0 | AKJ5: 0 | AKK5: 0 | AKL5: 0 | AKM5: 0 | AKN5: 0 | AKO5: 0 | AKP5: 0 | AKQ5: 0 | AKR5: 0 | AKS5: 0 | AKT5: 0 | AKU5: 0 | AKV5: 0 | AKW5: 0 | AKX5: 0 | AKY5: 0 | AKZ5: 0 | ALA5: 0 | ALB5: 0 | ALC5: 0 | ALD5: 0 | ALE5: 0 | ALF5: 0 | ALG5: 0 | ALH5: 0 | ALI5: 0 | ALJ5: 0 | ALK5: 0 | ALL5: 0 | ALM5: 0 | ALN5: 0 | ALO5: 0 | ALP5: 0 | ALQ5: 0 | ALR5: 0 | ALS5: 0 | ALT5: 0 | ALU5: 0 | ALV5: 0 | ALW5: 0 | ALX5: 0 | ALY5: 0 | ALZ5: 0 | AMA5: 0 | AMB5: 0 | AMC5: 0 | AMD5: 0 | AME5: 0 | AMF5: 0 | AMG5: 0 | AMH5: 0 | AMI5: 0 | AMJ5: 0 | AMK5: 0 | AML5: 0 | AMM5: 0 | AMN5: 0 | AMO5: 0 | AMP5: 0 | AMQ5: 0 | AMR5: 0 | AMS5: 0 | AMT5: 0 | AMU5: 0 | AMV5: 0 | AMW5: 0 | AMX5: 0 | AMY5: 0 | AMZ5: 0 | ANA5: 0 | ANB5: 0 | ANC5: 0 | AND5: 0 | ANE5: 0 | ANF5: 0 | ANG5: 0 | ANH5: 0 | ANI5: 0 | ANJ5: 0 | ANK5: 0 | ANL5: 0 | ANM5: 0 | ANN5: 0 | ANO5: 0 | ANP5: 0 | ANQ5: 0 | ANR5: 0 | ANS5: 0 | ANT5: 0 | ANU5: 0 | ANV5: 0 | ANW5: 0 | ANX5: 0 | ANY5: 0 | ANZ5: 0 | AOA5: 0 | AOB5: 0 | AOC5: 0 | AOD5: 0 | AOE5: 0 | AOF5: 0 | AOG5: 0 | AOH5: 0 | AOI5: 0 | AOJ5: 0 | AOK5: 0 | AOL5: 0 | AOM5: 0 | AON5: 0 | AOO5: 0 | AOP5: 0 | AOQ5: 0 | AOR5: 0 | AOS5: 0 | AOT5: 0 | AOU5: 0 | AOV5: 0 | AOW5: 0 | AOX5: 0 | AOY5: 0 | AOZ5: 0 | APA5: 0 | APB5: 0 | APC5: 0 | APD5: 0 | APE5: 0 | APF5: 0 | APG5: 0 | APH5: 0 | API5: 0 | APJ5: 0 | APK5: 0 | APL5: 0 | APM5: 0 | APN5: 0 | APO5: 0 | APP5: 0 | APQ5: 0 | APR5: 0 | APS5: 0 | APT5: 0 | APU5: 0 | APV5: 0 | APW5: 0 | APX5: 0 | APY5: 0 | APZ5: 0 | AQA5: 0 | AQB5: 0 | AQC5: 0 | AQD5: 0 | AQE5: 0 | AQF5: 0 | AQG5: 0 | AQH5: 0 | AQI5: 0 | AQJ5: 0 | AQK5: 0 | AQL5: 0 | AQM5: 0 | AQN5: 0 | AQO5: 0 | AQP5: 0 | AQQ5: 0 | AQR5: 0 | AQS5: 0 | AQT5: 0 | AQU5: 0 | AQV5: 0 | AQW5: 0 | AQX5: 0 | AQY5: 0 | AQZ5: 0 | ARA5: 0 | ARB5: 0 | ARC5: 0 | ARD5: 0 | ARE5: 0 | ARF5: 0 | ARG5: 0 | ARH5: 0 | ARI5: 0 | ARJ5: 0 | ARK5: 0 | ARL5: 0 | ARM5: 0 | ARN5: 0 | ARO5: 0 | ARP5: 0 | ARQ5: 0 | ARR5: 0 | ARS5: 0 | ART5: 0 | ARU5: 0 | ARV5: 0 | ARW5: 0 | ARX5: 0 | ARY5: 0 | ARZ5: 0 | ASA5: 0 | ASB5: 0 | ASC5: 0 | ASD5: 0 | ASE5: 0 | ASF5: 0 | ASG5: 0 | ASH5: 0 | ASI5: 0 | ASJ5: 0 | ASK5: 0 | ASL5: 0 | ASM5: 0 | ASN5: 0 | ASO5: 0 | ASP5: 0 | ASQ5: 0 | ASR5: 0 | ASS5: 0 | AST5: 0 | ASU5: 0 | ASV5: 0 | ASW5: 0 | ASX5: 0 | ASY5: 0 | ASZ5: 0 | ATA5: 0 | ATB5: 0 | ATC5: 0 | ATD5: 0 | ATE5: 0 | ATF5: 0 | ATG5: 0 | ATH5: 0 | ATI5: 0 | ATJ5: 0 | ATK5: 0 | ATL5: 0 | ATM5: 0 | ATN5: 0 | ATO5: 0 | ATP5: 0 | ATQ5: 0 | ATR5: 0 | ATS5: 0 | ATT5: 0 | ATU5: 0 | ATV5: 0 | ATW5: 0 | ATX5: 0 | ATY5: 0 | ATZ5: 0 | AUA5: 0 | AUB5: 0 | AUC5: 0 | AUD5: 0 | AUE5: 0 | AUF5: 0 | AUG5: 0 | AUH5: 0 | AUI5: 0 | AUJ5: 0 | AUK5: 0 | AUL5: 0 | AUM5: 0 | AUN5: 0 | AUO5: 0 | AUP5: 0 | AUQ5: 0 | AUR5: 0 | AUS5: 0 | AUT5: 0 | AUU5: 0 | AUV5: 0 | AUW5: 0 | AUX5: 0 | AUY5: 0 | AUZ5: 0 | AVA5: 0 | AVB5: 0 | AVC5: 0 | AVD5: 0 | AVE5: 0 | AVF5: 0 | AVG5: 0 | AVH5: 0 | AVI5: 0 | AVJ5: 0 | AVK5: 0 | AVL5: 0 | AVM5: 0 | AVN5: 0 | AVO5: 0 | AVP5: 0 | AVQ5: 0 | AVR5: 0 | AVS5: 0 | AVT5: 0 | AVU5: 0 | AVV5: 0 | AVW5: 0 | AVX5: 0 | AVY5: 0 | AVZ5: 0 | AWA5: 0 | AWB5: 0 | AWC5: 0 | AWD5: 0 | AWE5: 0 | AWF5: 0 | AWG5: 0 | AWH5: 0 | AWI5: 0 | AWJ5: 0 | AWK5: 0 | AWL5: 0 | AWM5: 0 | AWN5: 0 | AWO5: 0 | AWP5: 0 | AWQ5: 0 | AWR5: 0 | AWS5: 0 | AWT5: 0 | AWU5: 0 | AWV5: 0 | AWW5: 0 | AWX5: 0 | AWY5: 0 | AWZ5: 0 | AXA5: 0 | AXB5: 0 | AXC5: 0 | AXD5: 0 | AXE5: 0 | AXF5: 0 | AXG5: 0 | AXH5: 0 | AXI5: 0 | AXJ5: 0 | AXK5: 0 | AXL5: 0 | AXM5: 0 | AXN5: 0 | AXO5: 0 | AXP5: 0 | AXQ5: 0 | AXR5: 0 | AXS5: 0 | AXT5: 0 | AXU5: 0 | AXV5: 0 | AXW5: 0 | AXX5: 0 | AXY5: 0 | AXZ5: 0 | AYA5: 0 | AYB5: 0 | AYC5: 0 | AYD5: 0 | AYE5: 0 | AYF5: 0 | AYG5: 0 | AYH5: 0 | AYI5: 0 | AYJ5: 0 | AYK5: 0 | AYL5: 0 | AYM5: 0 | AYN5: 0 | AYO5: 0 | AYP5: 0 | AYQ5: 0 | AYR5: 0 | AYS5: 0 | AYT5: 0 | AYU5: 0 | AYV5: 0 | AYW5: 0 | AYX5: 0 | AYY5: 0 | AYZ5: 0 | AZA5: 0 | AZB5: 0 | AZC5: 0 | AZD5: 0 | AZE5: 0 | AZF5: 0 | AZG5: 0 | AZH5: 0 | AZI5: 0 | AZJ5: 0 | AZK5: 0 | AZL5: 0 | AZM5: 0 | AZN5: 0 | AZO5: 0 | AZP5: 0 | AZQ5: 0 | AZR5: 0 | AZS5: 0 | AZT5: 0 | AZU5: 0 | AZV5: 0 | AZW5: 0 | AZX5: 0 | AZY5: 0 | AZZ5: 0 | BAA5: 0 | BAB5: 0 | BAC5: 0 | BAD5: 0 | BAE5: 0 | BAF5: 0 | BAG5: 0 | BAH5: 0 | BAI5: 0 | BAJ5: 0 | BAK5: 0 | BAL5: 0 | BAM5: 0 | BAN5: 0 | BAO5: 0 | BAP5: 0 | BAQ5: 0 | BAR5: 0 | BAS5: 0 | BAT5: 0 | BAU5: 0 | BAV5: 0 | BAW5: 0 | BAX5: 0 | BAY5: 0 | BAZ5: 0 | BBA5: 0 | BBB5: 0 | BBC5: 0 | BBD5: 0 | BBE5: 0 | BBF5: 0 | BBG5: 0 | BBH5: 0 | BBI5: 0 | BBJ5: 0 | BBK5: 0 | BBL5: 0 | BBM5: 0 | BBN5: 0 | BBO5: 0 | BBP5: 0 | BBQ5: 0 | BBR5: 0 | BBS5: 0 | BBT5: 0 | BBU5: 0 | BBV5: 0 | BBW5: 0 | BBX5: 0 | BBY5: 0 | BBZ5: 0 | BCA5: 0 | BCB5: 0 | BCC5: 0 | BCD5: 0 | BCE5: 0 | BCF5: 0 | BCG5: 0 | BCH5: 0 | BCI5: 0 | BCJ5: 0 | BCK5: 0 | BCL5: 0 | BCM5: 0 | BCN5: 0 | BCO5: 0 | BCP5: 0 | BCQ5: 0 | BCR5: 0 | BCS5: 0 | BCT5: 0 | BCU5: 0 | BCV5: 0 | BCW5: 0 | BCX5: 0 | BCY5: 0 | BCZ5: 0 | BDA5: 0 | BDB5: 0 | BDC5: 0 | BDD5: 0 | BDE5: 0 | BDF5: 0 | BDG5: 0 | BDH5: 0 | BDI5: 0 | BDJ5: 0 | BDK5: 0 | BDL5: 0 | BDM5: 0 | BDN5: 0 | BDO5: 0 | BDP5: 0 | BDQ5: 0 | BDR5: 0 | BDS5: 0 | BDT5: 0 | BDU5: 0 | BDV5: 0 | BDW5: 0 | BDX5: 0 | BDY5: 0 | BDZ5: 0 | BEA5: 0 | BEB5: 0 | BEC5: 0 | BED5: 0 | BEE5: 0 | BEF5: 0 | BEG5: 0 | BEH5: 0 | BEI5: 0 | BEJ5: 0 | BEK5: 0 | BEL5: 0 | BEM5: 0 | BEN5: 0 | BEO5: 0 | BEP5: 0 | BEQ5: 0 | BER5: 0 | BES5: 0 | BET5: 0 | BEU5: 0 | BEV5: 0 | BEW5: 0 | BEX5: 0 | BEY5: 0 | BEZ5: 0 | BFA5: 0 | BFB5: 0 | BFC5: 0 | BFD5: 0 | BFE5: 0 | BFF5: 0 | BFG5: 0 | BFH5: 0 | BFI5: 0 | BFJ5: 0 | BFK5: 0 | BFL5: 0 | BFM5: 0 | BFN5: 0 | BFO5: 0 | BFP5: 0 | BFQ5: 0 | BFR5: 0 | BFS5: 0 | BFT5: 0 | BFU5: 0 | BFV5: 0 | BFW5: 0 | BFX5: 0 | BFY5: 0 | BFZ5: 0 | BGA5: 0 | BGB5: 0 | BGC5: 0 | BGD5: 0 | BGE5: 0 | BGF5: 0 | BGG5: 0 | BGH5: 0 | BGI5: 0 | BGJ5: 0 | BGK5: 0 | BGL5: 0 | BGM5: 0 | BGN5: 0 | BGO5: 0 | BGP5: 0 | BGQ5: 0 | BGR5: 0 | BGS5: 0 | BGT5: 0 | BGU5: 0 | BGV5: 0 | BGW5: 0 | BGX5: 0 | BGY5: 0 | BGZ5: 0 | BHA5: 0 | BHB5: 0 | BHC5: 0 | BHD5: 0 | BHE5: 0 | BHF5: 0 | BHG5: 0 | BHH5: 0 | BHI5: 0 | BHJ5: 0 | BHK5: 0 | BHL5: 0 | BHM5: 0 | BHN5: 0 | BHO5: 0 | BHP5: 0 | BHQ5: 0 | BHR5: 0 | BHS5: 0 | BHT5: 0 | BHU5: 0 | BHV5: 0 | BHW5: 0 | BHX5: 0 | BHY5: 0 | BHZ5: 0 | BIA5: 0 | BIB5: 0 | BIC5: 0 | BID5: 0 | BIE5: 0 | BIF5: 0 | BIG5: 0 | BIH5: 0 | BII5: 0 | BIJ5: 0 | BIK5: 0 | BIL5: 0 | BIM5: 0 | BIN5: 0 | BIO5: 0 | BIP5: 0 | BIQ5: 0 | BIR5: 0 | BIS5: 0 | BIT5: 0 | BIU5: 0 | BIV5: 0 | BIW5: 0 | BIX5: 0 | BIY5: 0 | BIZ5: 0 | BJA5: 0 | BJB5: 0 | BJC5: 0 | BJD5: 0 | BJE5: 0 | BJF5: 0 | BJG5: 0 | BJH5: 0 | BJI5: 0 | BJJ5: 0 | BJK5: 0 | BJL5: 0 | BJM5: 0 | BJN5: 0 | BJO5: 0 | BJP5: 0 | BJQ5: 0 | BJR5: 0 | BJS5: 0 | BJT5: 0 | BJU5: 0 | BJV5: 0 | BJW5: 0 | BJX5: 0 | BJY5: 0 | BJZ5: 0 | BKA5: 0 | BKB5: 0 | BKC5: 0 | BKD5: 0 | BKE5: 0 | BKF5: 0 | BKG5: 0 | BKH5: 0 | BKI5: 0 | BKJ5: 0 | BKK5: 0 | BKL5: 0 | BKM5: 0 | BKN5: 0 | BKO5: 0 | BKP5: 0 | BKQ5: 0 | BKR5: 0 | BKS5: 0 | BKT5: 0 | BKU5: 0 | BKV5: 0 | BKW5: 0 | BKX5: 0 | BKY5: 0 | BKZ5: 0 | BLA5: 0 | BLB5: 0 | BLC5: 0 | BLD5: 0 | BLE5: 0 | BLF5: 0 | BLG5: 0 | BLH5: 0 | BLI5: 0 | BLJ5: 0 | BLK5: 0 | BLL5: 0 | BLM5: 0 | BLN5: 0 | BLO5: 0 | BLP5: 0 | BLQ5: 0 | BLR5: 0 | BLS5: 0 | BLT5: 0 | BLU5: 0 | BLV5: 0 | BLW5: 0 | BLX5: 0 | BLY5: 0 | BLZ5: 0 | BMA5: 0 | BMB5: 0 | BMC5: 0 | BMD5: 0 | BME5: 0 | BMF5: 0 | BMG5: 0 | BMH5: 0 | BMI5: 0 | BMJ5: 0 | BMK5: 0 | BML5: 0 | BMM5: 0 | BMN5: 0 | BMO5: 0 | BMP5: 0 | BMQ5: 0 | BMR5: 0 | BMS5: 0 | BMT5: 0 | BMU5: 0 | BMV5: 0 | BMW5: 0 | BMX5: 0 | BMY5: 0 | BMZ5: 0 | BNA5: 0 | BNB5: 0 | BNC5: 0 | BND5: 0 | BNE5: 0 | BNF5: 0 | BNG5: 0 | BNH5: 0 | BNI5: 0 | BNJ5: 0 | BNK5: 0 | BNL5: 0 | BNM5: 0 | BNN5: 0 | BNO5: 0 | BNP5: 0 | BNQ5: 0 | BNR5: 0 | BNS5: 0 | BNT5: 0 | BNU5: 0 | BNV5: 0 | BNW5: 0 | BNX5: 0 | BNY5: 0 | BNZ5: 0 | BOA5: 0 | BOB5: 0 | BOC5: 0 | BOD5: 0 | BOE5: 0 | BOF5: 0 | BOG5: 0 | BOH5: 0 | BOI5: 0 | BOJ5: 0 | BOK5: 0 | BOL5: 0 | BOM5: 0 | BON5: 0 | BOO5: 0 | BOP5: 0 | BOQ5: 0 | BOR5: 0 | BOS5: 0 | BOT5: 0 | BOU5: 0 | BOV5: 0 | BOW5: 0 | BOX5: 0 | BOY5: 0 | BOZ5: 0 | BPA5: 0 | BPB5: 0 | BPC5: 0 | BPD5: 0 | BPE5: 0 | BPF5: 0 | BPG5: 0 | BPH5: 0 | BPI5: 0 | BPJ5: 0 | BPK5: 0 | BPL5: 0 | BPM5: 0 | BPN5: 0 | BPO5: 0 | BPP5: 0 | BPQ5: 0 | BPR5: 0 | BPS5: 0 | BPT5: 0 | BPU5: 0 | BPV5: 0 | BPW5: 0 | BPX5: 0 | BPY5: 0 | BPZ5: 0 | BQA5: 0 | BQB5: 0 | BQC5: 0 | BQD5: 0 | BQE5: 0 | BQF5: 0 | BQG5: 0 | BQH5: 0 | BQI5: 0 | BQJ5: 0 | BQK5: 0 | BQL5: 0 | BQM5: 0 | BQN5: 0 | BQO5: 0 | BQP5: 0 | BQQ5: 0 | BQR5: 0 | BQS5: 0 | BQT5: 0 | BQU5: 0 | BQV5: 0 | BQW5: 0 | BQX5: 0 | BQY5: 0 | BQZ5: 0 | BRA5: 0 | BRB5: 0 | BRC5: 0 | BRD5: 0 | BRE5: 0 | BRF5: 0 | BRG5: 0 | BRH5: 0 | BRI5: 0 | BRJ5: 0 | BRK5: 0 | BRL5: 0 | BRM5: 0 | BRN5: 0 | BRO5: 0 | BRP5: 0 | BRQ5: 0 | BRR5: 0 | BRS5: 0 | BRT5: 0 | BRU5: 0 | BRV5: 0 | BRW5: 0 | BRX5: 0 | BRY5: 0 | BRZ5: 0 | BSA5: 0 | BSB5: 0 | BSC5: 0 | BSD5: 0 | BSE5: 0 | BSF5: 0 | BSG5: 0 | BSH5: 0 | BSI5: 0 | BSJ5: 0 | BSK5: 0 | BSL5: 0 | BSM5: 0 | BSN5: 0 | BSO5: 0 | BSP5: 0 | BSQ5: 0 | BSR5: 0 | BSS5: 0 | BST5: 0 | BSU5: 0 | BSV5: 0 | BSW5: 0 | BSX5: 0 | BSY5: 0 | BSZ5: 0 | BTA5: 0 | BTB5: 0 | BTC5: 0 | BTD5: 0 | BTE5: 0 | BTF5: 0 | BTG5: 0 | BTH5: 0 | BTI5: 0 | BTJ5: 0 | BTK5: 0 | BTL5: 0 | BTM5: 0 | BTN5: 0 | BTO5: 0 | BTP5: 0 | BTQ5: 0 | BTR5: 0 | BTS5: 0 | BTT5: 0 | BTU5: 0 | BTV5: 0 | BTW5: 0 | BTX5: 0 | BTY5: 0 | BTZ5: 0 | BUA5: 0 | BUB5: 0 | BUC5: 0 | BUD5: 0 | BUE5: 0 | BUF5: 0 | BUG5: 0 | BUH5: 0 | BUI5: 0 | BUJ5: 0 | BUK5: 0 | BUL5: 0 | BUM5: 0 | BUN5: 0 | BUO5: 0 | BUP5: 0 | BUQ5: 0 | BUR5: 0 | BUS5: 0 | BUT5: 0 | BUU5: 0 | BUV5: 0 | BUW5: 0 | BUX5: 0 | BUY5: 0 | BUZ5: 0 | BVA5: 0 | BVB5: 0 | BVC5: 0 | BVD5: 0 | BVE5: 0 | BVF5: 0 | BVG5: 0 | BVH5: 0 | BVI5: 0 | BVJ5: 0 | BVK5: 0 | BVL5: 0 | BVM5: 0 | BVN5: 0 | BVO5: 0 | BVP5: 0 | BVQ5: 0 | BVR5: 0 | BVS5: 0 | BVT5: 0 | BVU5: 0 | BVV5: 0 | BVW5: 0 | BVX5: 0 | BVY5: 0 | BVZ5: 0 | BWA5: 0 | BWB5: 0 | BWC5: 0 | BWD5: 0 | BWE5: 0 | BWF5: 0 | BWG5: 0 | BWH5: 0 | BWI5: 0 | BWJ5: 0 | BWK5: 0 | BWL5: 0 | BWM5: 0 | BWN5: 0 | BWO5: 0 | BWP5: 0 | BWQ5: 0 | BWR5: 0 | BWS5: 0 | BWT5: 0 | BWU5: 0 | BWV5: 0 | BWW5: 0 | BWX5: 0 | BWY5: 0 | BWZ5: 0 | BXA5: 0 | BXB5: 0 | BXC5: 0 | BXD5: 0 | BXE5: 0 | BXF5: 0 | BXG5: 0 | BXH5: 0 | BXI5: 0 | BXJ5: 0 | BXK5: 0 | BXL5: 0 | BXM5: 0 | BXN5: 0 | BXO5: 0 | BXP5: 0 | BXQ5: 0 | BXR5: 0 | BXS5: 0 | BXT5: 0 | BXU5: 0 | BXV5: 0 | BXW5: 0 | BXX5: 0 | BXY5: 0 | BXZ5: 0 | BYA5: 0 | BYB5: 0 | BYC5: 0 | BYD5: 0 | BYE5: 0 | BYF5: 0 | BYG5: 0 | BYH5: 0 | BYI5: 0 | BYJ5: 0 | BYK5: 0 | BYL5: 0 | BYM5: 0 | BYN5: 0 | BYO5: 0 | BYP5: 0 | BYQ5: 0 | BYR5: 0 | BYS5: 0 | BYT5: 0 | BYU5: 0 | BYV5: 0 | BYW5: 0 | BYX5: 0 | BYY5: 0 | BYZ5: 0 | BZA5: 0 | BZB5: 0 | BZC5: 0 | BZD5: 0 | BZE5: 0 | BZF5: 0 | BZG5: 0 | BZH5: 0 | BZI5: 0 | BZJ5: 0 | BZK5: 0 | BZL5: 0 | BZM5: 0 | BZN5: 0 | BZO5: 0 | BZP5: 0 | BZQ5: 0 | BZR5: 0 | BZS5: 0 | BZT5: 0 | BZU5: 0 | BZV5: 0 | BZW5: 0 | BZX5: 0 | BZY5: 0 | BZZ5: 0 | CAA5: 0 | CAB5: 0 | CAC5: 0 | CAD5: 0 | CAE5: 0 | CAF5: 0 | CAG5: 0 | CAH5: 0 | CAI5: 0 | CAJ5: 0 | CAK5: 0 | CAL5: 0 | CAM5: 0 | CAN5: 0 | CAO5: 0 | CAP5: 0 | CAQ5: 0 | CAR5: 0 | CAS5: 0 | CAT5: 0 | CAU5: 0 | CAV5: 0 | CAW5: 0 | CAX5: 0 | CAY5: 0 | CAZ5: 0 | CBA5: 0 | CBB5: 0 | CBC5: 0 | CBD5: 0 | CBE5: 0 | CBF5: 0 | CBG5: 0 | CBH5: 0 | CBI5: 0 | CBJ5: 0 | CBK5: 0 | CBL5: 0 | CBM5: 0 | CBN5: 0 | CBO5: 0 | CBP5: 0 | CBQ5: 0 | CBR5: 0 | CBS5: 0 | CBT5: 0 | CBU5: 0 | CBV5: 0 | CBW5: 0 | CBX5: 0 | CBY5: 0 | CBZ5: 0 | CCA5: 0 | CCB5: 0 | CCC5: 0 | CCD5: 0 | CCE5: 0 | CCF5: 0 | CCG5: 0 | CCH5: 0 | CCI5: 0 | CCJ5: 0 | CCK5: 0 | CCL5: 0 | CCM5: 0 | CCN5: 0 | CCO5: 0 | CCP5: 0 | CCQ5: 0 | CCR5: 0 | CCS5: 0 | CCT5: 0 | CCU5: 0 | CCV5: 0 | CCW5: 0 | CCX5: 0 | CCY5: 0 | CCZ5: 0 | CDA5: 0 | CDB5: 0 | CDC5: 0 | CDD5: 0 | CDE5: 0 | CDF5: 0 | CDG5: 0 | CDH5: 0 | CDI5: 0 | CDJ5: 0 | CDK5: 0 | CDL5: 0 | CDM5: 0 | CDN5: 0 | CDO5: 0 | CDP5: 0 | CDQ5: 0 | CDR5: 0 | CDS5: 0 | CDT5: 0 | CDU5: 0 | CDV5: 0 | CDW5: 0 | CDX5: 0 | CDY5: 0 | CDZ5: 0 | CEA5: 0 | CEB5: 0 | CEC5: 0 | CED5: 0 | CEE5: 0 | CEF5: 0 | CEG5: 0 | CEH5: 0 | CEI5: 0 | CEJ5: 0 | CEK5: 0 | CEL5: 0 | CEM5: 0 | CEN5: 0 | CEO5: 0 | CEP5: 0 | CEQ5: 0 | CER5: 0 | CES5: 0 | CET5: 0 | CEU5: 0 | CEV5: 0 | CEW5: 0 | CEX5: 0 | CEY5: 0 | CEZ5: 0 | CFA5: 0 | CFB5: 0 | CFC5: 0 | CFD5: 0 | CFE5: 0 | CFF5: 0 | CFG5: 0 | CFH5: 0 | CFI5: 0 | CFJ5: 0 | CFK5: 0 | CFL5: 0 | CFM5: 0 | CFN5: 0 | CFO5: 0 | CFP5: 0 | CFQ5: 0 | CFR5: 0 | CFS5: 0 | CFT5: 0 | CFU5: 0 | CFV5: 0 | CFW5: 0 | CFX5: 0 | CFY5: 0 | CFZ5: 0 | CGA5: 0 | CGB5: 0 | CGC5: 0 | CGD5: 0 | CGE5: 0 | CGF5: 0 | CGG5: 0 | CGH5: 0 | CGI5: 0 | CGJ5: 0 | CGK5: 0 | CGL5: 0 | CGM5: 0 | CGN5: 0 | CGO5: 0 | CGP5: 0 | CGQ5: 0 | CGR5: 0 | CGS5: 0 | CGT5: 0 | CGU5: 0 | CGV5: 0 | CGW5: 0 | CGX5: 0 | CGY5: 0 | CGZ5: 0 | CHA5: 0 | CHB5: 0 | CHC5: 0 | CHD5: 0 | CHE5: 0 | CHF5: 0 | CHG5: 0 | CHH5: 0 | CHI5: 0 | CHJ5: 0 | CHK5: 0 | CHL5: 0 | CHM5: 0 | CHN5: 0 | CHO5: 0 | CHP5: 0 | CHQ5: 0 | CHR5: 0 | CHS5: 0 | CHT5: 0 | CHU5: 0 | CHV5: 0 | CHW5: 0 | CHX5: 0 | CHY5: 0 | CHZ5: 0 | CIA5: 0 | CIB5: 0 | CIC5: 0 | CID5: 0 | CIE5: 0 | CIF5: 0 | CIG5: 0 | CIH5: 0 | CII5: 0 | CIJ5: 0 | CIK5: 0 | CIL5: 0 | CIM5: 0 | CIN5: 0 | CIO5: 0 | CIP5: 0 | CIQ5: 0 | CIR5: 0 | CIS5: 0 | CIT5: 0 | CIU5: 0 | CIV5: 0 | CIW5: 0 | CIX5: 0 | CIY5: 0 | CIZ5: 0 | CJA5: 0 | CJB5: 0 | CJC5: 0 | CJD5: 0 | CJE5: 0 | CJF5: 0 | CJG5: 0 | CJH5: 0 | CJI5: 0 | CJJ5: 0 | CJK5: 0 | CJL5: 0 | CJM5: 0 | CJN5: 0 | CJO5: 0 | CJP5: 0 | CJQ5: 0 | CJR5: 0 | CJS5: 0 | CJT5: 0 | CJU5: 0 | CJV5: 0 | CJW5: 0 | CJX5: 0 | CJY5: 0 | CJZ5: 0 | CKA5: 0 | CKB5: 0 | CKC5: 0 | CKD5: 0 | CKE5: 0 | CKF5: 0 | CKG5: 0 | CKH5: 0 | CKI5: 0 | CKJ5: 0 | CKK5: 0 | CKL5: 0 | CKM5: 0 | CKN5: 0 | CKO5: 0 | CKP5: 0 | CKQ5: 0 | CKR5: 0 | CKS5: 0 | CKT5: 0 | CKU5: 0 | CKV5: 0 | CKW5: 0 | CKX5: 0 | CKY5: 0 | CKZ5: 0 | CLA5: 0 | CLB5: 0 | CLC5: 0 | CLD5: 0 | CLE5: 0 | CLF5: 0 | CLG5: 0 | CLH5: 0 | CLI5: 0 | CLJ5: 0 | CLK5: 0 | CLL5: 0 | CLM5: 0 | CLN5: 0 | CLO5: 0 | CLP5: 0 | CLQ5: 0 | CLR5: 0 | CLS5: 0 | CLT5: 0 | CLU5: 0 | CLV5: 0 | CLW5: 0 | CLX5: 0 | CLY5: 0 | CLZ5: 0 | CMA5: 0 | CMB5: 0 | CMC5: 0 | CMD5: 0 | CME5: 0 | CMF5: 0 | CMG5: 0 | CMH5: 0 | CMI5: 0 | CMJ5: 0 | CMK5: 0 | CML5: 0 | CMM5: 0 | CMN5: 0 | CMO5: 0 | CMP5: 0 | CMQ5: 0 | CMR5: 0 | CMS5: 0 | CMT5: 0 | CMU5: 0 | CMV5: 0 | CMW5: 0 | CMX5: 0 | CMY5: 0 | CMZ5: 0 | CNA5: 0 | CNB5: 0 | CNC5: 0 | CND5: 0 | CNE5: 0 | CNF5: 0 | CNG5: 0 | CNH5: 0 | CNI5: 0 | CNJ5: 0 | CNK5: 0 | CNL5: 0 | CNM5: 0 | CNN5: 0 | CNO5: 0 | CNP5: 0 | CNQ5: 0 | CNR5: 0 | CNS5: 0 | CNT5: 0 | CNU5: 0 | CNV5: 0 | CNW5: 0 | CNX5: 0 | CNY5: 0 | CNZ5: 0 | COA5: 0 | COB5: 0 | COC5: 0 | COD5: 0 | COE5: 0 | COF5: 0 | COG5: 0 | COH5: 0 | COI5: 0 | COJ5: 0 | COK5: 0 | COL5: 0 | COM5: 0 | CON5: 0 | COO5: 0 | COP5: 0 | COQ5: 0 | COR5: 0 | COS5: 0 | COT5: 0 | COU5: 0 | COV5: 0 | COW5: 0 | COX5: 0 | COY5: 0 | COZ5: 0 | CPA5: 0 | CPB5: 0 | CPC5: 0 | CPD5: 0 | CPE5: 0 | CPF5: 0 | CPG5: 0 | CPH5: 0 | CPI5: 0 | CPJ5: 0 | CPK5: 0 | CPL5: 0 | CPM5: 0 | CPN5: 0 | CPO5: 0 | CPP5: 0 | CPQ5: 0 | CPR5: 0 | CPS5: 0 | CPT5: 0 | CPU5: 0 | CPV5: 0 | CPW5: 0 | CPX5: 0 | CPY5: 0 | CPZ5: 0 | CQA5: 0 | CQB5: 0 | CQC5: 0 | CQD5: 0 | CQE5: 0 | CQF5: 0 | CQG5: 0 | CQH5: 0 | CQI5: 0 | CQJ5: 0 | CQK5: 0 | CQL5: 0 | CQM5: 0 | CQN5: 0 | CQO5: 0 | CQP5: 0 | CQQ5: 0 | CQR5: 0 | CQS5: 0 | CQT5: 0 | CQU5: 0 | CQV5: 0 | CQW5: 0 | CQX5: 0 | CQY5: 0 | CQZ5: 0 | CRA5: 0 | CRB5: 0 | CRC5: 0 | CRD5: 0 | CRE5: 0 | CRF5: 0 | CRG5: 0 | CRH5: 0 | CRI5: 0 | CRJ5: 0 | CRK5: 0 | CRL5: 0 | CRM5: 0 | CRN5: 0 | CRO5: 0 | CRP5: 0 | CRQ5: 0 | CRR5: 0 | CRS5: 0 | CRT5: 0 | CRU5: 0 | CRV5: 0 | CRW5: 0 | CRX5: 0 | CRY5: 0 | CRZ5: 0 | CSA5: 0 | CSB5: 0 | CSC5: 0 | CSD5: 0 | CSE5: 0 | CSF5: 0 | CSG5: 0 | CSH5: 0 | CSI5: 0 | CSJ5: 0 | CSK5: 0 | CSL5: 0 | CSM5: 0 | CSN5: 0 | CSO5: 0 | CSP5: 0 | CSQ5: 0 | CSR5: 0 | CSS5: 0 | CST5: 0 | CSU5: 0 | CSV5: 0 | CSW5: 0 | CSX5: 0 | CSY5: 0 | CSZ5: 0 | CTA5: 0 | CTB5: 0 | CTC5: 0 | CTD5: 0 | CTE5: 0
A6: sample_1_EMP | B6: 17 | C6: 1988 | D6: 2295 | E6: 270 | F6: 19 | G6: 190 | H6: 190 | I6: 82 | J6: 385 | K6: 341 | L6: 250 | M6: 572 | N6: 451 | O6: 1 | P6: 41 | Q6: 110 | R6: 15 | S6: 0 | T6: 38 | U6: 0 | V6: 41 | W6: 3 | X6: 0 | Y6: 43 | Z6: 77 | AA6: 140 | AB6: 17 | AC6: 58 | AD6: 49 | AE6: 11 | AF6: 12 | AG6: 0 | AH6: 32 | AI6: 37 | AJ6: 0 | AK6: 0 | AL6: 0 | AM6: 4 | AN6: 0 | AO6: 40 | AP6: 6 | AQ6: 1 | AR6: 14 | AS6: 0 | AT6: 5 | AU6: 11 | AV6: 0 | AW6: 5 | AX6: 0 | AY6: 4 | AZ6: 0 | BA6: 0 | BB6: 7 | BC6: 6 | BD6: 2 | BE6: 0 | BF6: 2 | BG6: 0 | BH6: 11 | BI6: 2 | BJ6: 0 | BK6: 1 | BL6: 21 | BM6: 0 | BN6: 0 | BO6: 19 | BP6: 12 | BQ6: 0 | BR6: 0 | BS6: 6 | BT6: 0 | BU6: 0 | BV6: 0 | BW6: 0 | BX6: 0 | BY6: 0 | BZ6: 4 | CA6: 0 | CB6: 0 | CC6: 0 | CD6: 0 | CE6: 0 | CF6: 0 | CG6: 13 | CH6: 7 | CI6: 0 | CJ6: 0 | CK6: 13 | CL6: 0 | CM6: 0 | CN6: 6 | CO6: 3 | CP6: 0 | CQ6: 6 | CR6: 0 | CS6: 0 | CT6: 0 | CU6: 0 | CV6: 5 | CW6: 0 | CX6: 7 | CY6: 2 | CZ6: 5 | DA6: 0 | DB6: 0 | DC6: 0 | DD6: 2 | DE6: 8 | DF6: 0 | DG6: 0 | DH6: 3 | DI6: 2 | DJ6: 0 | DK6: 0 | DL6: 0 | DM6: 5 | DN6: 3 | DO6: 2 | DP6: 4 | DQ6: 0 | DR6: 5 | DS6: 0 | DT6: 5 | DU6: 2 | DV6: 0 | DW6: 3 | DX6: 10 | DY6: 0 | DZ6: 0 | EA6: 2 | EB6: 0 | EC6: 5 | ED6: 0 | EE6: 0 | EF6: 3 | EG6: 7 | EH6: 0 | EI6: 2 | EJ6: 0 | EK6: 0 | EL6: 3 | EM6: 1 | EN6: 0 | EO6: 0 | EP6: 1 | EQ6: 5 | ER6: 3 | ES6: 6 | ET6: 6 | EU6: 3 | EV6: 6 | EW6: 2 | EX6: 0 | EY6: 0 | EZ6: 6 | FA6: 3 | FB6: 0 | FC6: 0 | FD6: 0 | FE6: 2 | FF6: 0 | FG6: 1 | FH6: 0 | FI6: 1 | FJ6: 0 | FK6: 0 | FL6: 3 | FM6: 0 | FN6: 0 | FO6: 0 | FP6: 0 | FQ6: 0 | FR6: 0 | FS6: 1 | FT6: 0 | FU6: 1 | FV6: 0 | FW6: 0 | FX6: 0 | FY6: 0 | FZ6: 1 | GA6: 0 | GB6: 3 | GC6: 0 | GD6: 0 | GE6: 0 | GF6: 1 | GG6: 0 | GH6: 0 | GI6: 0 | GJ6: 1 | GK6: 0 | GL6: 0 | GM6: 0 | GN6: 0 | GO6: 1 | GP6: 0 | GQ6: 0 | GR6: 0 | GS6: 0 | GT6: 1 | GU6: 2 | GV6: 0 | GW6: 0 | GX6: 0 | GY6: 0 | GZ6: 2 | HA6: 0 | HB6: 0 | HC6: 0 | HD6: 0 | HE6: 0 | HF6: 2 | HG6: 1 | HH6: 1 | HI6: 0 | HJ6: 1 | HK6: 4 | HL6: 0 | HM6: 0 | HN6: 2 | HO6: 0 | HP6: 0 | HQ6: 1 | HR6: 0 | HS6: 0 | HT6: 0 | HU6: 0 | HV6: 0 | HW6: 0 | HX6: 3 | HY6: 1 | HZ6: 0 | IA6: 0 | IB6: 0 | IC6: 0 | ID6: 0 | IE6: 0 | IF6: 1 | IG6: 0 | IH6: 0 | II6: 0 | IJ6: 0 | IK6: 1 | IL6: 0 | IM6: 0 | IN6: 0 | IO6: 0 | IP6: 0 | IQ6: 0 | IR6: 0 | IS6: 0 | IT6: 0 | IU6: 0 | IV6: 0 | IW6: 0 | IX6: 0 | IY6: 0 | IZ6: 0 | JA6: 0 | JB6: 0 | JC6: 1 | JD6: 0 | JE6: 0 | JF6: 0 | JG6: 0 | JH6: 0 | JI6: 0 | JJ6: 1 | JK6: 0 | JL6: 0 | JM6: 0 | JN6: 0 | JO6: 0 | JP6: 0 | JQ6: 0 | JR6: 0 | JS6: 0 | JT6: 0 | JU6: 0 | JV6: 0 | JW6: 0 | JX6: 0 | JY6: 0 | JZ6: 0 | KA6: 0 | KB6: 0 | KC6: 0 | KD6: 0 | KE6: 0 | KF6: 0 | KG6: 0 | KH6: 0 | KI6: 0 | KJ6: 0 | KK6: 0 | KL6: 0 | KM6: 0 | KN6: 1 | KO6: 0 | KP6: 0 | KQ6: 0 | KR6: 0 | KS6: 0 | KT6: 0 | KU6: 0 | KV6: 0 | KW6: 0 | KX6: 0 | KY6: 0 | KZ6: 0 | LA6: 0 | LB6: 0 | LC6: 0 | LD6: 0 | LE6: 0 | LF6: 0 | LG6: 0 | LH6: 0 | LI6: 0 | LJ6: 0 | LK6: 0 | LL6: 0 | LM6: 0 | LN6: 0 | LO6: 0 | LP6: 0 | LQ6: 0 | LR6: 0 | LS6: 0 | LT6: 0 | LU6: 0 | LV6: 1 | LW6: 0 | LX6: 0 | LY6: 0 | LZ6: 0 | MA6: 0 | MB6: 0 | MC6: 0 | MD6: 0 | ME6: 0 | MF6: 0 | MG6: 0 | MH6: 0 | MI6: 0 | MJ6: 0 | MK6: 0 | ML6: 0 | MM6: 0 | MN6: 0 | MO6: 0 | MP6: 0 | MQ6: 0 | MR6: 0 | MS6: 0 | MT6: 0 | MU6: 0 | MV6: 0 | MW6: 0 | MX6: 0 | MY6: 0 | MZ6: 1 | NA6: 0 | NB6: 0 | NC6: 0 | ND6: 0 | NE6: 0 | NF6: 0 | NG6: 0 | NH6: 1 | NI6: 0 | NJ6: 0 | NK6: 0 | NL6: 0 | NM6: 0 | NN6: 0 | NO6: 0 | NP6: 0 | NQ6: 0 | NR6: 0 | NS6: 0 | NT6: 0 | NU6: 0 | NV6: 0 | NW6: 0 | NX6: 0 | NY6: 0 | NZ6: 0 | OA6: 0 | OB6: 0 | OC6: 0 | OD6: 0 | OE6: 0 | OF6: 0 | OG6: 0 | OH6: 0 | OI6: 0 | OJ6: 0 | OK6: 0 | OL6: 0 | OM6: 0 | ON6: 0 | OO6: 0 | OP6: 0 | OQ6: 0 | OR6: 0 | OS6: 0 | OT6: 0 | OU6: 0 | OV6: 0 | OW6: 41 | OX6: 0 | OY6: 0 | OZ6: 0 | PA6: 0 | PB6: 1 | PC6: 0 | PD6: 0 | PE6: 0 | PF6: 0 | PG6: 0 | PH6: 0 | PI6: 0 | PJ6: 0 | PK6: 1 | PL6: 0 | PM6: 0 | PN6: 0 | PO6: 0 | PP6: 0 | PQ6: 0 | PR6: 0 | PS6: 1 | PT6: 0 | PU6: 0 | PV6: 0 | PW6: 0 | PX6: 0 | PY6: 0 | PZ6: 0 | QA6: 0 | QB6: 0 | QC6: 0 | QD6: 0 | QE6: 0 | QF6: 0 | QG6: 0 | QH6: 0 | QI6: 0 | QJ6: 0 | QK6: 0 | QL6: 0 | QM6: 0 | QN6: 0 | QO6: 0 | QP6: 0 | QQ6: 0 | QR6: 0 | QS6: 0 | QT6: 0 | QU6: 0 | QV6: 0 | QW6: 0 | QX6: 0 | QY6: 0 | QZ6: 0 | RA6: 0 | RB6: 0 | RC6: 0 | RD6: 0 | RE6: 0 | RF6: 0 | RG6: 0 | RH6: 0 | RI6: 0 | RJ6: 0 | RK6: 0 | RL6: 0 | RM6: 0 | RN6: 0 | RO6: 0 | RP6: 0 | RQ6: 0 | RR6: 0 | RS6: 0 | RT6: 0 | RU6: 0 | RV6: 0 | RW6: 0 | RX6: 0 | RY6: 0 | RZ6: 0 | SA6: 0 | SB6: 0 | SC6: 0 | SD6: 0 | SE6: 0 | SF6: 0 | SG6: 0 | SH6: 0 | SI6: 0 | SJ6: 0 | SK6: 1 | SL6: 0 | SM6: 0 | SN6: 0 | SO6: 0 | SP6: 0 | SQ6: 0 | SR6: 0 | SS6: 0 | ST6: 0 | SU6: 0 | SV6: 0 | SW6: 0 | SX6: 0 | SY6: 0 | SZ6: 0 | TA6: 0 | TB6: 0 | TC6: 0 | TD6: 0 | TE6: 0 | TF6: 0 | TG6: 0 | TH6: 0 | TI6: 0 | TJ6: 0 | TK6: 0 | TL6: 0 | TM6: 0 | TN6: 0 | TO6: 0 | TP6: 0 | TQ6: 0 | TR6: 0 | TS6: 0 | TT6: 0 | TU6: 0 | TV6: 0 | TW6: 0 | TX6: 0 | TY6: 0 | TZ6: 0 | UA6: 0 | UB6: 0 | UC6: 0 | UD6: 0 | UE6: 0 | UF6: 0 | UG6: 0 | UH6: 0 | UI6: 0 | UJ6: 0 | UK6: 1 | UL6: 0 | UM6: 0 | UN6: 0 | UO6: 0 | UP6: 0 | UQ6: 0 | UR6: 0 | US6: 0 | UT6: 0 | UU6: 0 | UV6: 0 | UW6: 0 | UX6: 0 | UY6: 0 | UZ6: 0 | VA6: 0 | VB6: 0 | VC6: 0 | VD6: 0 | VE6: 0 | VF6: 0 | VG6: 0 | VH6: 0 | VI6: 0 | VJ6: 0 | VK6: 0 | VL6: 0 | VM6: 0 | VN6: 0 | VO6: 0 | VP6: 0 | VQ6: 0 | VR6: 0 | VS6: 0 | VT6: 0 | VU6: 0 | VV6: 0 | VW6: 0 | VX6: 1 | VY6: 0 | VZ6: 0 | WA6: 0 | WB6: 0 | WC6: 0 | WD6: 0 | WE6: 0 | WF6: 0 | WG6: 0 | WH6: 0 | WI6: 0 | WJ6: 0 | WK6: 0 | WL6: 0 | WM6: 0 | WN6: 0 | WO6: 0 | WP6: 0 | WQ6: 0 | WR6: 0 | WS6: 0 | WT6: 0 | WU6: 0 | WV6: 0 | WW6: 0 | WX6: 0 | WY6: 0 | WZ6: 0 | XA6: 0 | XB6: 0 | XC6: 0 | XD6: 0 | XE6: 0 | XF6: 0 | XG6: 0 | XH6: 0 | XI6: 0 | XJ6: 0 | XK6: 0 | XL6: 0 | XM6: 0 | XN6: 0 | XO6: 0 | XP6: 0 | XQ6: 0 | XR6: 0 | XS6: 0 | XT6: 0 | XU6: 0 | XV6: 0 | XW6: 0 | XX6: 0 | XY6: 0 | XZ6: 0 | YA6: 0 | YB6: 0 | YC6: 0 | YD6: 0 | YE6: 0 | YF6: 0 | YG6: 0 | YH6: 0 | YI6: 0 | YJ6: 0 | YK6: 0 | YL6: 0 | YM6: 0 | YN6: 0 | YO6: 0 | YP6: 0 | YQ6: 0 | YR6: 0 | YS6: 0 | YT6: 0 | YU6: 0 | YV6: 0 | YW6: 0 | YX6: 0 | YY6: 0 | YZ6: 0 | ZA6: 0 | ZB6: 0 | ZC6: 0 | ZD6: 0 | ZE6: 0 | ZF6: 0 | ZG6: 0 | ZH6: 0 | ZI6: 0 | ZJ6: 0 | ZK6: 0 | ZL6: 0 | ZM6: 0 | ZN6: 0 | ZO6: 0 | ZP6: 0 | ZQ6: 0 | ZR6: 0 | ZS6: 0 | ZT6: 0 | ZU6: 0 | ZV6: 0 | ZW6: 0 | ZX6: 0 | ZY6: 0 | ZZ6: 0 | AAA6: 0 | AAB6: 0 | AAC6: 0 | AAD6: 0 | AAE6: 0 | AAF6: 0 | AAG6: 0 | AAH6: 0 | AAI6: 0 | AAJ6: 0 | AAK6: 0 | AAL6: 0 | AAM6: 0 | AAN6: 0 | AAO6: 0 | AAP6: 0 | AAQ6: 0 | AAR6: 0 | AAS6: 0 | AAT6: 0 | AAU6: 0 | AAV6: 0 | AAW6: 0 | AAX6: 0 | AAY6: 0 | AAZ6: 0 | ABA6: 0 | ABB6: 0 | ABC6: 0 | ABD6: 0 | ABE6: 0 | ABF6: 0 | ABG6: 0 | ABH6: 0 | ABI6: 0 | ABJ6: 0 | ABK6: 0 | ABL6: 0 | ABM6: 0 | ABN6: 0 | ABO6: 0 | ABP6: 0 | ABQ6: 0 | ABR6: 0 | ABS6: 0 | ABT6: 0 | ABU6: 0 | ABV6: 0 | ABW6: 0 | ABX6: 0 | ABY6: 0 | ABZ6: 0 | ACA6: 1 | ACB6: 0 | ACC6: 0 | ACD6: 0 | ACE6: 0 | ACF6: 0 | ACG6: 0 | ACH6: 0 | ACI6: 0 | ACJ6: 0 | ACK6: 0 | ACL6: 0 | ACM6: 0 | ACN6: 0 | ACO6: 0 | ACP6: 0 | ACQ6: 0 | ACR6: 0 | ACS6: 0 | ACT6: 0 | ACU6: 0 | ACV6: 0 | ACW6: 0 | ACX6: 0 | ACY6: 0 | ACZ6: 0 | ADA6: 0 | ADB6: 0 | ADC6: 0 | ADD6: 0 | ADE6: 0 | ADF6: 0 | ADG6: 0 | ADH6: 0 | ADI6: 0 | ADJ6: 0 | ADK6: 0 | ADL6: 0 | ADM6: 0 | ADN6: 0 | ADO6: 0 | ADP6: 0 | ADQ6: 0 | ADR6: 0 | ADS6: 0 | ADT6: 0 | ADU6: 0 | ADV6: 0 | ADW6: 0 | ADX6: 0 | ADY6: 0 | ADZ6: 0 | AEA6: 0 | AEB6: 0 | AEC6: 0 | AED6: 0 | AEE6: 0 | AEF6: 0 | AEG6: 0 | AEH6: 0 | AEI6: 0 | AEJ6: 0 | AEK6: 0 | AEL6: 0 | AEM6: 0 | AEN6: 0 | AEO6: 0 | AEP6: 0 | AEQ6: 0 | AER6: 0 | AES6: 0 | AET6: 0 | AEU6: 0 | AEV6: 0 | AEW6: 0 | AEX6: 0 | AEY6: 0 | AEZ6: 0 | AFA6: 0 | AFB6: 0 | AFC6: 0 | AFD6: 0 | AFE6: 1 | AFF6: 0 | AFG6: 0 | AFH6: 0 | AFI6: 0 | AFJ6: 0 | AFK6: 0 | AFL6: 0 | AFM6: 0 | AFN6: 0 | AFO6: 0 | AFP6: 0 | AFQ6: 0 | AFR6: 0 | AFS6: 0 | AFT6: 0 | AFU6: 0 | AFV6: 0 | AFW6: 0 | AFX6: 0 | AFY6: 0 | AFZ6: 0 | AGA6: 0 | AGB6: 0 | AGC6: 0 | AGD6: 0 | AGE6: 0 | AGF6: 0 | AGG6: 0 | AGH6: 0 | AGI6: 0 | AGJ6: 0 | AGK6: 0 | AGL6: 0 | AGM6: 0 | AGN6: 0 | AGO6: 0 | AGP6: 0 | AGQ6: 0 | AGR6: 0 | AGS6: 0 | AGT6: 1 | AGU6: 0 | AGV6: 0 | AGW6: 0 | AGX6: 0 | AGY6: 0 | AGZ6: 0 | AHA6: 0 | AHB6: 0 | AHC6: 0 | AHD6: 0 | AHE6: 0 | AHF6: 0 | AHG6: 0 | AHH6: 0 | AHI6: 0 | AHJ6: 0 | AHK6: 0 | AHL6: 0 | AHM6: 0 | AHN6: 0 | AHO6: 0 | AHP6: 0 | AHQ6: 0 | AHR6: 0 | AHS6: 0 | AHT6: 0 | AHU6: 0 | AHV6: 0 | AHW6: 0 | AHX6: 0 | AHY6: 0 | AHZ6: 0 | AIA6: 0 | AIB6: 0 | AIC6: 0 | AID6: 0 | AIE6: 0 | AIF6: 0 | AIG6: 0 | AIH6: 0 | AII6: 0 | AIJ6: 0 | AIK6: 0 | AIL6: 0 | AIM6: 0 | AIN6: 0 | AIO6: 0 | AIP6: 0 | AIQ6: 0 | AIR6: 0 | AIS6: 0 | AIT6: 0 | AIU6: 0 | AIV6: 0 | AIW6: 0 | AIX6: 0 | AIY6: 0 | AIZ6: 0 | AJA6: 0 | AJB6: 0 | AJC6: 0 | AJD6: 0 | AJE6: 0 | AJF6: 0 | AJG6: 0 | AJH6: 0 | AJI6: 0 | AJJ6: 0 | AJK6: 0 | AJL6: 0 | AJM6: 0 | AJN6: 0 | AJO6: 0 | AJP6: 0 | AJQ6: 0 | AJR6: 0 | AJS6: 0 | AJT6: 0 | AJU6: 0 | AJV6: 0 | AJW6: 0 | AJX6: 0 | AJY6: 0 | AJZ6: 0 | AKA6: 0 | AKB6: 0 | AKC6: 0 | AKD6: 0 | AKE6: 0 | AKF6: 0 | AKG6: 0 | AKH6: 0 | AKI6: 0 | AKJ6: 0 | AKK6: 0 | AKL6: 0 | AKM6: 0 | AKN6: 0 | AKO6: 0 | AKP6: 0 | AKQ6: 0 | AKR6: 0 | AKS6: 0 | AKT6: 0 | AKU6: 0 | AKV6: 0 | AKW6: 0 | AKX6: 0 | AKY6: 0 | AKZ6: 0 | ALA6: 0 | ALB6: 0 | ALC6: 0 | ALD6: 0 | ALE6: 0 | ALF6: 0 | ALG6: 0 | ALH6: 0 | ALI6: 0 | ALJ6: 0 | ALK6: 0 | ALL6: 0 | ALM6: 0 | ALN6: 0 | ALO6: 0 | ALP6: 0 | ALQ6: 0 | ALR6: 0 | ALS6: 0 | ALT6: 0 | ALU6: 0 | ALV6: 0 | ALW6: 0 | ALX6: 0 | ALY6: 0 | ALZ6: 0 | AMA6: 0 | AMB6: 0 | AMC6: 0 | AMD6: 0 | AME6: 0 | AMF6: 0 | AMG6: 0 | AMH6: 0 | AMI6: 0 | AMJ6: 0 | AMK6: 0 | AML6: 0 | AMM6: 0 | AMN6: 0 | AMO6: 0 | AMP6: 0 | AMQ6: 0 | AMR6: 0 | AMS6: 0 | AMT6: 0 | AMU6: 0 | AMV6: 0 | AMW6: 0 | AMX6: 0 | AMY6: 0 | AMZ6: 0 | ANA6: 0 | ANB6: 0 | ANC6: 0 | AND6: 0 | ANE6: 0 | ANF6: 0 | ANG6: 0 | ANH6: 0 | ANI6: 0 | ANJ6: 0 | ANK6: 0 | ANL6: 0 | ANM6: 0 | ANN6: 0 | ANO6: 0 | ANP6: 0 | ANQ6: 0 | ANR6: 0 | ANS6: 0 | ANT6: 0 | ANU6: 0 | ANV6: 0 | ANW6: 0 | ANX6: 0 | ANY6: 0 | ANZ6: 0 | AOA6: 0 | AOB6: 0 | AOC6: 0 | AOD6: 0 | AOE6: 0 | AOF6: 0 | AOG6: 0 | AOH6: 0 | AOI6: 0 | AOJ6: 0 | AOK6: 0 | AOL6: 0 | AOM6: 0 | AON6: 0 | AOO6: 0 | AOP6: 0 | AOQ6: 0 | AOR6: 0 | AOS6: 0 | AOT6: 0 | AOU6: 0 | AOV6: 0 | AOW6: 0 | AOX6: 0 | AOY6: 0 | AOZ6: 0 | APA6: 0 | APB6: 0 | APC6: 0 | APD6: 0 | APE6: 0 | APF6: 0 | APG6: 0 | APH6: 0 | API6: 0 | APJ6: 0 | APK6: 0 | APL6: 0 | APM6: 0 | APN6: 0 | APO6: 0 | APP6: 0 | APQ6: 0 | APR6: 0 | APS6: 0 | APT6: 0 | APU6: 0 | APV6: 0 | APW6: 0 | APX6: 0 | APY6: 0 | APZ6: 0 | AQA6: 0 | AQB6: 0 | AQC6: 0 | AQD6: 0 | AQE6: 0 | AQF6: 0 | AQG6: 0 | AQH6: 0 | AQI6: 0 | AQJ6: 0 | AQK6: 0 | AQL6: 0 | AQM6: 0 | AQN6: 0 | AQO6: 0 | AQP6: 0 | AQQ6: 0 | AQR6: 0 | AQS6: 0 | AQT6: 0 | AQU6: 0 | AQV6: 0 | AQW6: 0 | AQX6: 0 | AQY6: 0 | AQZ6: 0 | ARA6: 0 | ARB6: 0 | ARC6: 0 | ARD6: 0 | ARE6: 0 | ARF6: 0 | ARG6: 0 | ARH6: 0 | ARI6: 0 | ARJ6: 0 | ARK6: 0 | ARL6: 0 | ARM6: 0 | ARN6: 0 | ARO6: 0 | ARP6: 0 | ARQ6: 0 | ARR6: 0 | ARS6: 0 | ART6: 0 | ARU6: 0 | ARV6: 0 | ARW6: 0 | ARX6: 0 | ARY6: 0 | ARZ6: 0 | ASA6: 0 | ASB6: 0 | ASC6: 0 | ASD6: 0 | ASE6: 0 | ASF6: 0 | ASG6: 0 | ASH6: 0 | ASI6: 0 | ASJ6: 0 | ASK6: 0 | ASL6: 0 | ASM6: 0 | ASN6: 0 | ASO6: 0 | ASP6: 0 | ASQ6: 0 | ASR6: 0 | ASS6: 0 | AST6: 0 | ASU6: 0 | ASV6: 0 | ASW6: 0 | ASX6: 0 | ASY6: 0 | ASZ6: 0 | ATA6: 0 | ATB6: 0 | ATC6: 0 | ATD6: 0 | ATE6: 0 | ATF6: 0 | ATG6: 0 | ATH6: 0 | ATI6: 0 | ATJ6: 0 | ATK6: 0 | ATL6: 0 | ATM6: 0 | ATN6: 0 | ATO6: 0 | ATP6: 0 | ATQ6: 0 | ATR6: 0 | ATS6: 0 | ATT6: 0 | ATU6: 0 | ATV6: 0 | ATW6: 0 | ATX6: 0 | ATY6: 0 | ATZ6: 0 | AUA6: 0 | AUB6: 0 | AUC6: 0 | AUD6: 0 | AUE6: 0 | AUF6: 0 | AUG6: 0 | AUH6: 0 | AUI6: 0 | AUJ6: 0 | AUK6: 0 | AUL6: 0 | AUM6: 0 | AUN6: 0 | AUO6: 0 | AUP6: 0 | AUQ6: 0 | AUR6: 0 | AUS6: 0 | AUT6: 0 | AUU6: 0 | AUV6: 0 | AUW6: 0 | AUX6: 0 | AUY6: 0 | AUZ6: 0 | AVA6: 0 | AVB6: 0 | AVC6: 0 | AVD6: 0 | AVE6: 0 | AVF6: 0 | AVG6: 0 | AVH6: 0 | AVI6: 0 | AVJ6: 0 | AVK6: 0 | AVL6: 0 | AVM6: 0 | AVN6: 0 | AVO6: 0 | AVP6: 0 | AVQ6: 0 | AVR6: 0 | AVS6: 0 | AVT6: 0 | AVU6: 0 | AVV6: 0 | AVW6: 0 | AVX6: 0 | AVY6: 0 | AVZ6: 0 | AWA6: 0 | AWB6: 0 | AWC6: 0 | AWD6: 0 | AWE6: 0 | AWF6: 0 | AWG6: 0 | AWH6: 0 | AWI6: 0 | AWJ6: 0 | AWK6: 0 | AWL6: 0 | AWM6: 0 | AWN6: 0 | AWO6: 0 | AWP6: 0 | AWQ6: 0 | AWR6: 0 | AWS6: 0 | AWT6: 0 | AWU6: 0 | AWV6: 0 | AWW6: 0 | AWX6: 0 | AWY6: 0 | AWZ6: 0 | AXA6: 0 | AXB6: 0 | AXC6: 0 | AXD6: 0 | AXE6: 0 | AXF6: 0 | AXG6: 0 | AXH6: 0 | AXI6: 0 | AXJ6: 0 | AXK6: 0 | AXL6: 0 | AXM6: 0 | AXN6: 0 | AXO6: 0 | AXP6: 0 | AXQ6: 0 | AXR6: 0 | AXS6: 0 | AXT6: 0 | AXU6: 0 | AXV6: 0 | AXW6: 0 | AXX6: 0 | AXY6: 0 | AXZ6: 0 | AYA6: 0 | AYB6: 0 | AYC6: 0 | AYD6: 0 | AYE6: 0 | AYF6: 0 | AYG6: 0 | AYH6: 0 | AYI6: 0 | AYJ6: 0 | AYK6: 0 | AYL6: 0 | AYM6: 0 | AYN6: 0 | AYO6: 0 | AYP6: 0 | AYQ6: 0 | AYR6: 0 | AYS6: 0 | AYT6: 0 | AYU6: 0 | AYV6: 0 | AYW6: 0 | AYX6: 0 | AYY6: 0 | AYZ6: 0 | AZA6: 0 | AZB6: 0 | AZC6: 0 | AZD6: 0 | AZE6: 0 | AZF6: 0 | AZG6: 0 | AZH6: 0 | AZI6: 0 | AZJ6: 0 | AZK6: 0 | AZL6: 0 | AZM6: 0 | AZN6: 0 | AZO6: 0 | AZP6: 0 | AZQ6: 0 | AZR6: 0 | AZS6: 0 | AZT6: 0 | AZU6: 0 | AZV6: 0 | AZW6: 0 | AZX6: 0 | AZY6: 0 | AZZ6: 0 | BAA6: 0 | BAB6: 0 | BAC6: 0 | BAD6: 0 | BAE6: 0 | BAF6: 0 | BAG6: 0 | BAH6: 0 | BAI6: 0 | BAJ6: 0 | BAK6: 0 | BAL6: 0 | BAM6: 0 | BAN6: 0 | BAO6: 0 | BAP6: 0 | BAQ6: 0 | BAR6: 0 | BAS6: 0 | BAT6: 0 | BAU6: 0 | BAV6: 0 | BAW6: 0 | BAX6: 0 | BAY6: 0 | BAZ6: 0 | BBA6: 0 | BBB6: 0 | BBC6: 0 | BBD6: 0 | BBE6: 0 | BBF6: 0 | BBG6: 0 | BBH6: 0 | BBI6: 0 | BBJ6: 0 | BBK6: 0 | BBL6: 0 | BBM6: 0 | BBN6: 0 | BBO6: 0 | BBP6: 0 | BBQ6: 0 | BBR6: 0 | BBS6: 0 | BBT6: 0 | BBU6: 0 | BBV6: 0 | BBW6: 0 | BBX6: 0 | BBY6: 0 | BBZ6: 0 | BCA6: 0 | BCB6: 0 | BCC6: 0 | BCD6: 0 | BCE6: 0 | BCF6: 0 | BCG6: 0 | BCH6: 0 | BCI6: 0 | BCJ6: 0 | BCK6: 0 | BCL6: 0 | BCM6: 0 | BCN6: 0 | BCO6: 0 | BCP6: 0 | BCQ6: 0 | BCR6: 0 | BCS6: 0 | BCT6: 0 | BCU6: 0 | BCV6: 0 | BCW6: 0 | BCX6: 0 | BCY6: 0 | BCZ6: 0 | BDA6: 0 | BDB6: 0 | BDC6: 0 | BDD6: 0 | BDE6: 0 | BDF6: 0 | BDG6: 0 | BDH6: 0 | BDI6: 0 | BDJ6: 0 | BDK6: 0 | BDL6: 0 | BDM6: 0 | BDN6: 0 | BDO6: 0 | BDP6: 0 | BDQ6: 0 | BDR6: 0 | BDS6: 0 | BDT6: 0 | BDU6: 0 | BDV6: 0 | BDW6: 0 | BDX6: 0 | BDY6: 0 | BDZ6: 0 | BEA6: 0 | BEB6: 0 | BEC6: 0 | BED6: 0 | BEE6: 0 | BEF6: 0 | BEG6: 0 | BEH6: 0 | BEI6: 0 | BEJ6: 0 | BEK6: 0 | BEL6: 0 | BEM6: 0 | BEN6: 0 | BEO6: 0 | BEP6: 0 | BEQ6: 0 | BER6: 0 | BES6: 0 | BET6: 0 | BEU6: 0 | BEV6: 0 | BEW6: 0 | BEX6: 0 | BEY6: 0 | BEZ6: 0 | BFA6: 0 | BFB6: 0 | BFC6: 0 | BFD6: 0 | BFE6: 0 | BFF6: 0 | BFG6: 0 | BFH6: 0 | BFI6: 0 | BFJ6: 0 | BFK6: 0 | BFL6: 0 | BFM6: 0 | BFN6: 0 | BFO6: 0 | BFP6: 0 | BFQ6: 0 | BFR6: 0 | BFS6: 0 | BFT6: 0 | BFU6: 0 | BFV6: 0 | BFW6: 0 | BFX6: 0 | BFY6: 0 | BFZ6: 0 | BGA6: 0 | BGB6: 0 | BGC6: 0 | BGD6: 0 | BGE6: 0 | BGF6: 0 | BGG6: 0 | BGH6: 0 | BGI6: 0 | BGJ6: 0 | BGK6: 0 | BGL6: 0 | BGM6: 0 | BGN6: 0 | BGO6: 0 | BGP6: 0 | BGQ6: 0 | BGR6: 0 | BGS6: 0 | BGT6: 0 | BGU6: 0 | BGV6: 0 | BGW6: 0 | BGX6: 0 | BGY6: 0 | BGZ6: 0 | BHA6: 0 | BHB6: 0 | BHC6: 0 | BHD6: 0 | BHE6: 0 | BHF6: 0 | BHG6: 0 | BHH6: 0 | BHI6: 0 | BHJ6: 0 | BHK6: 0 | BHL6: 0 | BHM6: 0 | BHN6: 0 | BHO6: 0 | BHP6: 0 | BHQ6: 0 | BHR6: 0 | BHS6: 0 | BHT6: 0 | BHU6: 0 | BHV6: 0 | BHW6: 0 | BHX6: 0 | BHY6: 0 | BHZ6: 0 | BIA6: 0 | BIB6: 0 | BIC6: 0 | BID6: 0 | BIE6: 0 | BIF6: 0 | BIG6: 0 | BIH6: 0 | BII6: 0 | BIJ6: 0 | BIK6: 0 | BIL6: 0 | BIM6: 0 | BIN6: 0 | BIO6: 0 | BIP6: 0 | BIQ6: 0 | BIR6: 0 | BIS6: 0 | BIT6: 0 | BIU6: 0 | BIV6: 0 | BIW6: 0 | BIX6: 0 | BIY6: 0 | BIZ6: 0 | BJA6: 0 | BJB6: 0 | BJC6: 0 | BJD6: 0 | BJE6: 0 | BJF6: 0 | BJG6: 0 | BJH6: 0 | BJI6: 0 | BJJ6: 0 | BJK6: 0 | BJL6: 0 | BJM6: 0 | BJN6: 0 | BJO6: 0 | BJP6: 0 | BJQ6: 0 | BJR6: 0 | BJS6: 0 | BJT6: 0 | BJU6: 0 | BJV6: 0 | BJW6: 0 | BJX6: 0 | BJY6: 0 | BJZ6: 0 | BKA6: 0 | BKB6: 0 | BKC6: 0 | BKD6: 0 | BKE6: 0 | BKF6: 0 | BKG6: 0 | BKH6: 0 | BKI6: 0 | BKJ6: 0 | BKK6: 0 | BKL6: 0 | BKM6: 0 | BKN6: 0 | BKO6: 0 | BKP6: 0 | BKQ6: 0 | BKR6: 0 | BKS6: 0 | BKT6: 0 | BKU6: 0 | BKV6: 0 | BKW6: 0 | BKX6: 0 | BKY6: 0 | BKZ6: 0 | BLA6: 0 | BLB6: 0 | BLC6: 0 | BLD6: 0 | BLE6: 0 | BLF6: 0 | BLG6: 0 | BLH6: 0 | BLI6: 0 | BLJ6: 0 | BLK6: 0 | BLL6: 0 | BLM6: 0 | BLN6: 0 | BLO6: 0 | BLP6: 0 | BLQ6: 0 | BLR6: 0 | BLS6: 0 | BLT6: 0 | BLU6: 0 | BLV6: 0 | BLW6: 0 | BLX6: 0 | BLY6: 0 | BLZ6: 0 | BMA6: 0 | BMB6: 0 | BMC6: 0 | BMD6: 0 | BME6: 0 | BMF6: 0 | BMG6: 0 | BMH6: 0 | BMI6: 0 | BMJ6: 0 | BMK6: 0 | BML6: 0 | BMM6: 0 | BMN6: 0 | BMO6: 0 | BMP6: 0 | BMQ6: 0 | BMR6: 0 | BMS6: 0 | BMT6: 0 | BMU6: 0 | BMV6: 0 | BMW6: 0 | BMX6: 0 | BMY6: 0 | BMZ6: 0 | BNA6: 0 | BNB6: 0 | BNC6: 0 | BND6: 0 | BNE6: 0 | BNF6: 0 | BNG6: 0 | BNH6: 0 | BNI6: 0 | BNJ6: 0 | BNK6: 0 | BNL6: 0 | BNM6: 0 | BNN6: 0 | BNO6: 0 | BNP6: 0 | BNQ6: 0 | BNR6: 0 | BNS6: 0 | BNT6: 0 | BNU6: 0 | BNV6: 0 | BNW6: 0 | BNX6: 0 | BNY6: 0 | BNZ6: 0 | BOA6: 0 | BOB6: 0 | BOC6: 0 | BOD6: 0 | BOE6: 0 | BOF6: 0 | BOG6: 0 | BOH6: 0 | BOI6: 0 | BOJ6: 0 | BOK6: 0 | BOL6: 0 | BOM6: 0 | BON6: 0 | BOO6: 0 | BOP6: 0 | BOQ6: 0 | BOR6: 0 | BOS6: 0 | BOT6: 0 | BOU6: 0 | BOV6: 0 | BOW6: 0 | BOX6: 0 | BOY6: 0 | BOZ6: 0 | BPA6: 0 | BPB6: 0 | BPC6: 0 | BPD6: 0 | BPE6: 0 | BPF6: 0 | BPG6: 0 | BPH6: 0 | BPI6: 0 | BPJ6: 0 | BPK6: 0 | BPL6: 0 | BPM6: 0 | BPN6: 0 | BPO6: 0 | BPP6: 0 | BPQ6: 0 | BPR6: 0 | BPS6: 0 | BPT6: 0 | BPU6: 0 | BPV6: 0 | BPW6: 0 | BPX6: 0 | BPY6: 0 | BPZ6: 0 | BQA6: 0 | BQB6: 0 | BQC6: 0 | BQD6: 0 | BQE6: 0 | BQF6: 0 | BQG6: 0 | BQH6: 0 | BQI6: 0 | BQJ6: 0 | BQK6: 0 | BQL6: 0 | BQM6: 0 | BQN6: 0 | BQO6: 0 | BQP6: 0 | BQQ6: 0 | BQR6: 0 | BQS6: 0 | BQT6: 0 | BQU6: 0 | BQV6: 0 | BQW6: 0 | BQX6: 0 | BQY6: 0 | BQZ6: 0 | BRA6: 0 | BRB6: 0 | BRC6: 0 | BRD6: 0 | BRE6: 0 | BRF6: 0 | BRG6: 0 | BRH6: 0 | BRI6: 0 | BRJ6: 0 | BRK6: 0 | BRL6: 0 | BRM6: 0 | BRN6: 0 | BRO6: 0 | BRP6: 0 | BRQ6: 0 | BRR6: 0 | BRS6: 0 | BRT6: 0 | BRU6: 0 | BRV6: 0 | BRW6: 0 | BRX6: 0 | BRY6: 0 | BRZ6: 0 | BSA6: 0 | BSB6: 0 | BSC6: 0 | BSD6: 0 | BSE6: 0 | BSF6: 0 | BSG6: 0 | BSH6: 0 | BSI6: 0 | BSJ6: 0 | BSK6: 0 | BSL6: 0 | BSM6: 0 | BSN6: 0 | BSO6: 0 | BSP6: 0 | BSQ6: 0 | BSR6: 0 | BSS6: 0 | BST6: 0 | BSU6: 0 | BSV6: 0 | BSW6: 0 | BSX6: 0 | BSY6: 0 | BSZ6: 0 | BTA6: 0 | BTB6: 0 | BTC6: 0 | BTD6: 0 | BTE6: 0 | BTF6: 0 | BTG6: 0 | BTH6: 0 | BTI6: 0 | BTJ6: 0 | BTK6: 0 | BTL6: 0 | BTM6: 0 | BTN6: 0 | BTO6: 0 | BTP6: 0 | BTQ6: 0 | BTR6: 0 | BTS6: 0 | BTT6: 0 | BTU6: 0 | BTV6: 0 | BTW6: 0 | BTX6: 0 | BTY6: 0 | BTZ6: 0 | BUA6: 0 | BUB6: 0 | BUC6: 0 | BUD6: 0 | BUE6: 0 | BUF6: 0 | BUG6: 0 | BUH6: 0 | BUI6: 0 | BUJ6: 0 | BUK6: 0 | BUL6: 0 | BUM6: 0 | BUN6: 0 | BUO6: 0 | BUP6: 0 | BUQ6: 0 | BUR6: 0 | BUS6: 0 | BUT6: 0 | BUU6: 0 | BUV6: 0 | BUW6: 0 | BUX6: 0 | BUY6: 0 | BUZ6: 0 | BVA6: 0 | BVB6: 0 | BVC6: 0 | BVD6: 0 | BVE6: 0 | BVF6: 0 | BVG6: 0 | BVH6: 0 | BVI6: 0 | BVJ6: 0 | BVK6: 0 | BVL6: 0 | BVM6: 0 | BVN6: 0 | BVO6: 0 | BVP6: 0 | BVQ6: 0 | BVR6: 0 | BVS6: 0 | BVT6: 0 | BVU6: 0 | BVV6: 0 | BVW6: 0 | BVX6: 0 | BVY6: 0 | BVZ6: 0 | BWA6: 0 | BWB6: 0 | BWC6: 0 | BWD6: 0 | BWE6: 0 | BWF6: 0 | BWG6: 0 | BWH6: 0 | BWI6: 0 | BWJ6: 0 | BWK6: 0 | BWL6: 0 | BWM6: 0 | BWN6: 0 | BWO6: 0 | BWP6: 0 | BWQ6: 0 | BWR6: 0 | BWS6: 0 | BWT6: 0 | BWU6: 0 | BWV6: 0 | BWW6: 0 | BWX6: 0 | BWY6: 0 | BWZ6: 0 | BXA6: 0 | BXB6: 0 | BXC6: 0 | BXD6: 0 | BXE6: 0 | BXF6: 0 | BXG6: 0 | BXH6: 0 | BXI6: 0 | BXJ6: 0 | BXK6: 0 | BXL6: 0 | BXM6: 0 | BXN6: 0 | BXO6: 0 | BXP6: 0 | BXQ6: 0 | BXR6: 0 | BXS6: 0 | BXT6: 0 | BXU6: 0 | BXV6: 0 | BXW6: 0 | BXX6: 0 | BXY6: 0 | BXZ6: 0 | BYA6: 0 | BYB6: 0 | BYC6: 0 | BYD6: 0 | BYE6: 0 | BYF6: 0 | BYG6: 0 | BYH6: 0 | BYI6: 0 | BYJ6: 0 | BYK6: 0 | BYL6: 0 | BYM6: 0 | BYN6: 0 | BYO6: 0 | BYP6: 0 | BYQ6: 0 | BYR6: 0 | BYS6: 0 | BYT6: 0 | BYU6: 0 | BYV6: 0 | BYW6: 0 | BYX6: 0 | BYY6: 0 | BYZ6: 0 | BZA6: 0 | BZB6: 0 | BZC6: 0 | BZD6: 0 | BZE6: 0 | BZF6: 0 | BZG6: 0 | BZH6: 0 | BZI6: 0 | BZJ6: 0 | BZK6: 0 | BZL6: 0 | BZM6: 0 | BZN6: 0 | BZO6: 0 | BZP6: 0 | BZQ6: 0 | BZR6: 0 | BZS6: 0 | BZT6: 0 | BZU6: 0 | BZV6: 0 | BZW6: 0 | BZX6: 0 | BZY6: 0 | BZZ6: 0 | CAA6: 0 | CAB6: 0 | CAC6: 0 | CAD6: 0 | CAE6: 0 | CAF6: 0 | CAG6: 0 | CAH6: 0 | CAI6: 0 | CAJ6: 0 | CAK6: 0 | CAL6: 0 | CAM6: 0 | CAN6: 0 | CAO6: 0 | CAP6: 0 | CAQ6: 0 | CAR6: 0 | CAS6: 0 | CAT6: 0 | CAU6: 0 | CAV6: 0 | CAW6: 0 | CAX6: 0 | CAY6: 0 | CAZ6: 0 | CBA6: 0 | CBB6: 0 | CBC6: 0 | CBD6: 0 | CBE6: 0 | CBF6: 0 | CBG6: 0 | CBH6: 0 | CBI6: 0 | CBJ6: 0 | CBK6: 0 | CBL6: 0 | CBM6: 0 | CBN6: 0 | CBO6: 0 | CBP6: 0 | CBQ6: 0 | CBR6: 0 | CBS6: 0 | CBT6: 0 | CBU6: 0 | CBV6: 0 | CBW6: 0 | CBX6: 0 | CBY6: 0 | CBZ6: 0 | CCA6: 0 | CCB6: 0 | CCC6: 0 | CCD6: 0 | CCE6: 0 | CCF6: 0 | CCG6: 0 | CCH6: 0 | CCI6: 0 | CCJ6: 0 | CCK6: 0 | CCL6: 0 | CCM6: 0 | CCN6: 0 | CCO6: 0 | CCP6: 0 | CCQ6: 0 | CCR6: 0 | CCS6: 0 | CCT6: 0 | CCU6: 0 | CCV6: 0 | CCW6: 0 | CCX6: 0 | CCY6: 0 | CCZ6: 0 | CDA6: 0 | CDB6: 0 | CDC6: 0 | CDD6: 0 | CDE6: 0 | CDF6: 0 | CDG6: 0 | CDH6: 0 | CDI6: 0 | CDJ6: 0 | CDK6: 0 | CDL6: 0 | CDM6: 0 | CDN6: 0 | CDO6: 0 | CDP6: 0 | CDQ6: 0 | CDR6: 0 | CDS6: 0 | CDT6: 0 | CDU6: 0 | CDV6: 0 | CDW6: 0 | CDX6: 0 | CDY6: 0 | CDZ6: 0 | CEA6: 0 | CEB6: 0 | CEC6: 0 | CED6: 0 | CEE6: 0 | CEF6: 0 | CEG6: 0 | CEH6: 0 | CEI6: 0 | CEJ6: 0 | CEK6: 0 | CEL6: 0 | CEM6: 0 | CEN6: 0 | CEO6: 0 | CEP6: 0 | CEQ6: 0 | CER6: 0 | CES6: 0 | CET6: 0 | CEU6: 0 | CEV6: 0 | CEW6: 0 | CEX6: 0 | CEY6: 0 | CEZ6: 0 | CFA6: 0 | CFB6: 0 | CFC6: 0 | CFD6: 0 | CFE6: 0 | CFF6: 0 | CFG6: 0 | CFH6: 0 | CFI6: 0 | CFJ6: 0 | CFK6: 0 | CFL6: 0 | CFM6: 0 | CFN6: 0 | CFO6: 0 | CFP6: 0 | CFQ6: 0 | CFR6: 0 | CFS6: 0 | CFT6: 0 | CFU6: 0 | CFV6: 0 | CFW6: 0 | CFX6: 0 | CFY6: 0 | CFZ6: 0 | CGA6: 0 | CGB6: 0 | CGC6: 0 | CGD6: 0 | CGE6: 0 | CGF6: 0 | CGG6: 0 | CGH6: 0 | CGI6: 0 | CGJ6: 0 | CGK6: 0 | CGL6: 0 | CGM6: 0 | CGN6: 0 | CGO6: 0 | CGP6: 0 | CGQ6: 0 | CGR6: 0 | CGS6: 0 | CGT6: 0 | CGU6: 0 | CGV6: 0 | CGW6: 0 | CGX6: 0 | CGY6: 0 | CGZ6: 0 | CHA6: 0 | CHB6: 0 | CHC6: 0 | CHD6: 0 | CHE6: 0 | CHF6: 0 | CHG6: 0 | CHH6: 0 | CHI6: 0 | CHJ6: 0 | CHK6: 0 | CHL6: 0 | CHM6: 0 | CHN6: 0 | CHO6: 0 | CHP6: 0 | CHQ6: 0 | CHR6: 0 | CHS6: 0 | CHT6: 0 | CHU6: 0 | CHV6: 0 | CHW6: 0 | CHX6: 0 | CHY6: 0 | CHZ6: 0 | CIA6: 0 | CIB6: 0 | CIC6: 0 | CID6: 0 | CIE6: 0 | CIF6: 0 | CIG6: 0 | CIH6: 0 | CII6: 0 | CIJ6: 0 | CIK6: 0 | CIL6: 0 | CIM6: 0 | CIN6: 0 | CIO6: 0 | CIP6: 0 | CIQ6: 0 | CIR6: 0 | CIS6: 0 | CIT6: 0 | CIU6: 0 | CIV6: 0 | CIW6: 0 | CIX6: 0 | CIY6: 0 | CIZ6: 0 | CJA6: 0 | CJB6: 0 | CJC6: 0 | CJD6: 0 | CJE6: 0 | CJF6: 0 | CJG6: 0 | CJH6: 0 | CJI6: 0 | CJJ6: 0 | CJK6: 0 | CJL6: 0 | CJM6: 0 | CJN6: 0 | CJO6: 0 | CJP6: 0 | CJQ6: 0 | CJR6: 0 | CJS6: 0 | CJT6: 0 | CJU6: 0 | CJV6: 0 | CJW6: 0 | CJX6: 0 | CJY6: 0 | CJZ6: 0 | CKA6: 0 | CKB6: 0 | CKC6: 0 | CKD6: 0 | CKE6: 0 | CKF6: 0 | CKG6: 0 | CKH6: 0 | CKI6: 0 | CKJ6: 0 | CKK6: 0 | CKL6: 0 | CKM6: 0 | CKN6: 0 | CKO6: 0 | CKP6: 0 | CKQ6: 0 | CKR6: 0 | CKS6: 0 | CKT6: 0 | CKU6: 0 | CKV6: 0 | CKW6: 0 | CKX6: 0 | CKY6: 0 | CKZ6: 0 | CLA6: 0 | CLB6: 0 | CLC6: 0 | CLD6: 0 | CLE6: 0 | CLF6: 0 | CLG6: 0 | CLH6: 0 | CLI6: 0 | CLJ6: 0 | CLK6: 0 | CLL6: 0 | CLM6: 0 | CLN6: 0 | CLO6: 0 | CLP6: 0 | CLQ6: 0 | CLR6: 0 | CLS6: 0 | CLT6: 0 | CLU6: 0 | CLV6: 0 | CLW6: 0 | CLX6: 0 | CLY6: 0 | CLZ6: 0 | CMA6: 0 | CMB6: 0 | CMC6: 0 | CMD6: 0 | CME6: 0 | CMF6: 0 | CMG6: 0 | CMH6: 0 | CMI6: 0 | CMJ6: 0 | CMK6: 0 | CML6: 0 | CMM6: 0 | CMN6: 0 | CMO6: 0 | CMP6: 0 | CMQ6: 0 | CMR6: 0 | CMS6: 0 | CMT6: 0 | CMU6: 0 | CMV6: 0 | CMW6: 0 | CMX6: 0 | CMY6: 0 | CMZ6: 0 | CNA6: 0 | CNB6: 0 | CNC6: 0 | CND6: 0 | CNE6: 0 | CNF6: 0 | CNG6: 0 | CNH6: 0 | CNI6: 0 | CNJ6: 0 | CNK6: 0 | CNL6: 0 | CNM6: 0 | CNN6: 0 | CNO6: 0 | CNP6: 0 | CNQ6: 0 | CNR6: 0 | CNS6: 0 | CNT6: 0 | CNU6: 0 | CNV6: 0 | CNW6: 0 | CNX6: 0 | CNY6: 0 | CNZ6: 0 | COA6: 0 | COB6: 0 | COC6: 0 | COD6: 0 | COE6: 0 | COF6: 0 | COG6: 0 | COH6: 0 | COI6: 0 | COJ6: 0 | COK6: 0 | COL6: 0 | COM6: 0 | CON6: 0 | COO6: 0 | COP6: 0 | COQ6: 0 | COR6: 0 | COS6: 0 | COT6: 0 | COU6: 0 | COV6: 0 | COW6: 0 | COX6: 0 | COY6: 0 | COZ6: 0 | CPA6: 0 | CPB6: 0 | CPC6: 0 | CPD6: 0 | CPE6: 0 | CPF6: 0 | CPG6: 0 | CPH6: 0 | CPI6: 0 | CPJ6: 0 | CPK6: 0 | CPL6: 0 | CPM6: 0 | CPN6: 0 | CPO6: 0 | CPP6: 0 | CPQ6: 0 | CPR6: 0 | CPS6: 0 | CPT6: 0 | CPU6: 0 | CPV6: 0 | CPW6: 0 | CPX6: 0 | CPY6: 0 | CPZ6: 0 | CQA6: 0 | CQB6: 0 | CQC6: 0 | CQD6: 0 | CQE6: 0 | CQF6: 0 | CQG6: 0 | CQH6: 0 | CQI6: 0 | CQJ6: 0 | CQK6: 0 | CQL6: 0 | CQM6: 0 | CQN6: 0 | CQO6: 0 | CQP6: 0 | CQQ6: 0 | CQR6: 0 | CQS6: 0 | CQT6: 0 | CQU6: 0 | CQV6: 0 | CQW6: 0 | CQX6: 0 | CQY6: 0 | CQZ6: 0 | CRA6: 0 | CRB6: 0 | CRC6: 0 | CRD6: 0 | CRE6: 0 | CRF6: 0 | CRG6: 0 | CRH6: 0 | CRI6: 0 | CRJ6: 0 | CRK6: 0 | CRL6: 0 | CRM6: 0 | CRN6: 0 | CRO6: 0 | CRP6: 0 | CRQ6: 0 | CRR6: 0 | CRS6: 0 | CRT6: 0 | CRU6: 0 | CRV6: 0 | CRW6: 0 | CRX6: 0 | CRY6: 0 | CRZ6: 0 | CSA6: 0 | CSB6: 0 | CSC6: 0 | CSD6: 0 | CSE6: 0 | CSF6: 0 | CSG6: 0 | CSH6: 0 | CSI6: 0 | CSJ6: 0 | CSK6: 0 | CSL6: 0 | CSM6: 0 | CSN6: 0 | CSO6: 0 | CSP6: 0 | CSQ6: 0 | CSR6: 0 | CSS6: 0 | CST6: 0 | CSU6: 0 | CSV6: 0 | CSW6: 0 | CSX6: 0 | CSY6: 0 | CSZ6: 0 | CTA6: 0 | CTB6: 0 | CTC6: 0 | CTD6: 0 | CTE6: 0
